Workbook

Sheet 1. Mũi- Huong dan & Chien luoc
A1: MŨI — HƯỚNG DẪN & CHIẾN LƯỢC | Bộ truy vấn GEO thẩm mỹ mũi · KANGNAM GROWTH OPERATING AI
A2: File MẪU CHUẨN: 6 sheet theo trục Đối tượng → Hành trình KH → Truy vấn → Nội dung → Đo lường → Pháp lý. Mọi con số trong file là công thức liên kết sheet 3 — nhân bản cả bộ để làm dịch vụ khác. Cập nhật 11/09/2026 (v3).
A3: Tối ưu để ChatGPT · Gemini · Google AI Overview TRÍCH DẪN Kangnam khi khách hỏi về nâng mũi / thẩm mỹ mũi / sửa mũi. Ô vàng = ô được phép nhập/chỉnh; ô khác là công thức hoặc nội dung chuẩn.
A5: 1 · INSIGHT CHIẾN LƯỢC — VÌ SAO BỘ NÀY KHÁC BỘ TỪ KHOÁ SEO CŨ
A6: • Truy vấn vào AI dài gấp ~6 lần truy vấn Google (trung bình 23 từ so với 3–4 từ). Khách không gõ "nâng mũi giá" nữa mà gõ nguyên một câu chuyện: "tôi 32 tuổi, da mũi dày, đã tiêm filler 2 lần, giờ muốn nâng cấu trúc thì có được không". Bộ từ khóa ngắn không còn khớp.
A7: • AI "bung" (query fan-out) một câu hỏi của khách thành 8–20 truy vấn con rồi mới tổng hợp câu trả lời. Chỉ 32% trích dẫn đến từ trang top 10 Google — 68% đến từ trang xếp ngoài top 10 nhưng khớp đúng một truy vấn con. Đây là lý do một cơ sở SEO tốt vẫn có thể bị AI bỏ qua hoàn toàn.
A8: • 88% thương hiệu KHÔNG được AI trích dẫn nếu chỉ tối ưu SEO truyền thống. Ngược lại, thương hiệu phủ được trên 80% không gian chủ đề giữ được ~85% mức hiển thị trong AI.
A9: • Hệ quả cho Kangnam: cuộc chơi không phải "lên top từ khóa", mà là PHỦ KÍN KHÔNG GIAN CÂU HỎI của một khách hàng mũi — từ lúc soi gương đến lúc tái khám.
A11: 2 · KẾT LUẬN 80/20 — TẦNG ƯU TIÊN & PHÂN BỔ NGUỒN LỰC (tự tính từ sheet 3)
A12: Tầng | B12: Số cụm | C12: Số truy vấn | D12: % truy vấn | E12: % điểm ưu tiên | F12: Phân bổ ngân sách nội dung đề xuất & cụm
A13: A · CORE 80/20 | B13: =COUNTIF('3. Mũi- Bo truy van Master'!$U$5:$U$19,A13) -> 5 | C13: =COUNTIF('3. Mũi- Bo truy van Master'!$J$5:$J$400,A13) -> 89 | D13: =IFERROR(C13/COUNTA('3. Mũi- Bo truy van Master'!$A$5:$A$400),0) -> 0.33969466 | E13: =IFERROR(SUMIF('3. Mũi- Bo truy van Master'!$J$5:$J$400,A13,'3. Mũi- Bo truy van Master'!$L$5:$L$400)/SUM('3. Mũi- Bo truy van Master'!$L$5:$L$400),0) -> 0.59777562 | F13: 70% — C11 Sửa mũi hỏng · C06 Nỗi sợ & biến chứng · C07 Chi phí · C08 Chọn cơ sở & bác sĩ · C14 Thực thể. Làm trong 90 ngày.
A14: B · Đòn bẩy chuyển đổi | B14: =COUNTIF('3. Mũi- Bo truy van Master'!$U$5:$U$19,A14) -> 5 | C14: =COUNTIF('3. Mũi- Bo truy van Master'!$J$5:$J$400,A14) -> 86 | D14: =IFERROR(C14/COUNTA('3. Mũi- Bo truy van Master'!$A$5:$A$400),0) -> 0.32824427 | E14: =IFERROR(SUMIF('3. Mũi- Bo truy van Master'!$J$5:$J$400,A14,'3. Mũi- Bo truy van Master'!$L$5:$L$400)/SUM('3. Mũi- Bo truy van Master'!$L$5:$L$400),0) -> 0.27351258 | F14: 20% — C09 Quy trình · C04 Vật liệu · C05 Filler→phẫu thuật · C13 Nhóm đặc thù · C03 Phương pháp. Bắt đầu khi Tầng A xong ~60%.
A15: C · Uy tín & giữ chân | B15: =COUNTIF('3. Mũi- Bo truy van Master'!$U$5:$U$19,A15) -> 3 | C15: =COUNTIF('3. Mũi- Bo truy van Master'!$J$5:$J$400,A15) -> 50 | D15: =IFERROR(C15/COUNTA('3. Mũi- Bo truy van Master'!$A$5:$A$400),0) -> 0.19083969 | E15: =IFERROR(SUMIF('3. Mũi- Bo truy van Master'!$J$5:$J$400,A15,'3. Mũi- Bo truy van Master'!$L$5:$L$400)/SUM('3. Mũi- Bo truy van Master'!$L$5:$L$400),0) -> 0.095238095 | F15: 10% — C12 Y khoa/chức năng · C10 Hậu phẫu · C15 Cross-sell. Chạy nền, tái sử dụng nội dung Zalo OA/CSKH.
A16: D · Cửa vào rộng | B16: =COUNTIF('3. Mũi- Bo truy van Master'!$U$5:$U$19,A16) -> 2 | C16: =COUNTIF('3. Mũi- Bo truy van Master'!$J$5:$J$400,A16) -> 37 | D16: =IFERROR(C16/COUNTA('3. Mũi- Bo truy van Master'!$A$5:$A$400),0) -> 0.14122137 | E16: =IFERROR(SUMIF('3. Mũi- Bo truy van Master'!$J$5:$J$400,A16,'3. Mũi- Bo truy van Master'!$L$5:$L$400)/SUM('3. Mũi- Bo truy van Master'!$L$5:$L$400),0) -> 0.033473707 | F16: 0% ngân sách mới — C01 Dáng mũi · C02 Nhân tướng. Chỉ viết pillar nền, tái sử dụng nội dung sẵn có.
A17: Riêng 70 truy vấn CORE 80/20 | B17: — | C17: =COUNTIF('3. Mũi- Bo truy van Master'!$I$5:$I$400,"CORE 80/20") -> 70 | D17: =IFERROR(C17/COUNTA('3. Mũi- Bo truy van Master'!$A$5:$A$400),0) -> 0.26717557 | E17: =IFERROR(SUMIF('3. Mũi- Bo truy van Master'!$I$5:$I$400,"CORE 80/20",'3. Mũi- Bo truy van Master'!$L$5:$L$400)/SUM('3. Mũi- Bo truy van Master'!$L$5:$L$400),0) -> 0.51311953 | F17: Danh sách giao việc 90 ngày: lọc sheet 3 cột NHÓM 80/20 = CORE 80/20, làm theo cột THỨ TỰ TRIỂN KHAI.
A18: Đọc đúng con số: bộ đã chọn lọc (72% truy vấn gắn giá trị 'Cao') nên phân bố phẳng hơn 80/20 cổ điển. Thứ tự ưu tiên vẫn đúng; sau 1–2 tháng hiệu chỉnh cột Giá trị DT & Cơ hội GEO (sheet 3) bằng doanh thu/tỉ lệ chốt thật từ Caresoft để có 80/20 theo doanh thu.
A20: 3 · CÁCH DÙNG 6 SHEET (đi đúng trục Đối tượng → Hành trình → Truy vấn → Nội dung → Đo → Pháp lý)
A21: Sheet | B21: Dùng để | C21: Ai dùng | F21: Cách dùng nhanh
A22: 1. Hướng dẫn & Chiến lược | B22: Quyết định & phân bổ | C22: Leader | F22: Duyệt tầng ưu tiên + phân bổ ngân sách ở mục 2; theo dõi bảng đếm mục 6.
A23: 2. Hành vi KH | B23: Thấu hiểu đối tượng theo 6 giai đoạn | C23: Content · Tư vấn · Sale | F23: Đọc trước khi viết/tư vấn. Giai đoạn ★★★ (S3) là điểm quyết định; mỗi giai đoạn có số truy vấn & CORE tự đếm.
A24: 3. Bộ truy vấn Master | B24: Nguồn sự thật: 262 truy vấn + khuyến nghị 80/20 | C24: SEO · Content | F24: Lọc NHÓM 80/20 = CORE để giao việc; chỉnh Cơ hội GEO (cột V) để xếp lại; cột 'Khối trả lời cần có' là brief.
A25: 4. Bản đồ nội dung | B25: Cụm → dạng bài → trang đích → sóng → phụ trách | C25: Manager | F25: Xếp theo hạng 80/20; cập nhật cột Trạng thái hằng tuần.
A26: 5. Prompt đo lường GEO | B26: KPI Share of Voice trong AI | C26: SEO lead | F26: Chạy hàng tháng ẩn danh, 3 lần lấy đa số; nhân bản sheet theo tháng.
A27: 6. Rào pháp lý | B27: Soát trước khi đăng | C27: Pháp chế · Content | F27: Mỗi truy vấn sheet 3 có mã R0–R11; bảng tự đếm số truy vấn chịu từng rào.
A29: 4 · 6 QUY TẮC VIẾT ĐỂ ĐƯỢC AI TRÍCH DẪN (bắt buộc với mọi bài)
A30: ① BLUF — câu đầu tiên của mỗi mục PHẢI là câu trả lời đứng độc lập, hiểu được khi tách khỏi ngữ cảnh. AI trích theo đoạn, không trích theo bài.
A31: ② CÓ SỐ — nội dung có số liệu được hiển thị trong câu trả lời AI cao hơn 30–40% so với nội dung chung chung. "Hết sưng sau 2 tuần khoảng 70%" thắng "hết sưng khá nhanh".
A32: ③ PHỦ 8 GÓC HỎI cho mỗi chủ đề: định nghĩa · so sánh · hướng dẫn · trường hợp áp dụng · phản đối/rủi ro · thực thể liên quan · chi phí/chỉ số · địa phương. Đây chính là 8 hướng AI bung truy vấn.
A33: ④ DÁM NÓI ĐIỀU BẤT LỢI — "không thể về y hệt mũi ban đầu", "da dày khó có đầu mũi thanh mảnh". Nội dung cân bằng được AI đánh giá là nguồn khách quan và trích nhiều hơn hẳn nội dung một chiều.
A34: ⑤ GHI NGÀY CẬP NHẬT + TÊN BÁC SĨ THẨM ĐỊNH trên mọi bài y khoa (schema ProfilePage/IndividualPhysician theo KF-15).
A35: ⑥ KHÔNG NHỒI TỪ KHÓA — nhồi từ khóa cho kết quả THẤP HƠN mức nền trong AI search. Viết như đang trả lời một người thật.
A37: 5 · CẢNH BÁO — ĐỌC TRƯỚC KHI TRIỂN KHAI
A38: • Mọi nội dung dịch vụ khám chữa bệnh phải qua quy trình kiểm duyệt KF-11: MKT soạn → tự kiểm checklist → Pháp chế duyệt → (nếu bắt buộc) xin Giấy xác nhận nội dung QC tại Sở Y tế → phát hành → lưu hồ sơ.
A39: • Tuyệt đối không dùng: "cam kết 100%", "vĩnh viễn", "không biến chứng", "bảo hành trọn đời", "đẹp như ý hoặc hoàn tiền". Thay bằng "chế độ theo dõi và chỉnh sửa", "kết quả tùy cơ địa".
A40: • Chỉ gắn tên bác sĩ vào dịch vụ mũi khi bác sĩ đó đã được xác minh chuyên khoa trong KF-02 VÀ đã đăng ký hành nghề tại đúng cơ sở (KF-11 Nhóm 6).
A41: • Mọi ảnh/video khách hàng phải có văn bản đồng ý minh thị. Thỏa thuận miệng không có giá trị.
... A44: 6 · BẢNG ĐẾM TỰ ĐỘNG (liên kết sheet 3 — tự cập nhật khi thêm/bớt truy vấn)
A45: Chỉ số | B45: Số lượng | C45: % bộ
A46: Tổng số truy vấn | B46: =COUNTA('3. Mũi- Bo truy van Master'!$A$5:$A$400) -> 262
A47: Ưu tiên P1 | B47: =COUNTIF('3. Mũi- Bo truy van Master'!$G$5:$G$400,"P1") -> 161 | C47: =IFERROR(B47/$B$46,0) -> 0.61450382
A48: Ưu tiên P2 | B48: =COUNTIF('3. Mũi- Bo truy van Master'!$G$5:$G$400,"P2") -> 82 | C48: =IFERROR(B48/$B$46,0) -> 0.3129771
A49: Ưu tiên P3 | B49: =COUNTIF('3. Mũi- Bo truy van Master'!$G$5:$G$400,"P3") -> 19 | C49: =IFERROR(B49/$B$46,0) -> 0.072519084
A50: Truy vấn HOT (sát chuyển đổi) | B50: =COUNTIF('3. Mũi- Bo truy van Master'!$F$5:$F$400,"Hot") -> 113 | C50: =IFERROR(B50/$B$46,0) -> 0.43129771
A51: Truy vấn WARM | B51: =COUNTIF('3. Mũi- Bo truy van Master'!$F$5:$F$400,"Warm") -> 124 | C51: =IFERROR(B51/$B$46,0) -> 0.47328244
A52: Truy vấn COLD | B52: =COUNTIF('3. Mũi- Bo truy van Master'!$F$5:$F$400,"Cold") -> 25 | C52: =IFERROR(B52/$B$46,0) -> 0.095419847
A53: Giá trị doanh thu CAO | B53: =COUNTIF('3. Mũi- Bo truy van Master'!$H$5:$H$400,"Cao") -> 188 | C53: =IFERROR(B53/$B$46,0) -> 0.71755725
A54: NHÓM CORE 80/20 | B54: =COUNTIF('3. Mũi- Bo truy van Master'!$I$5:$I$400,"CORE 80/20") -> 70 | C54: =IFERROR(B54/$B$46,0) -> 0.26717557
A55: S1 · NHẬN BIẾT (Cold) | B55: =COUNTIF('3. Mũi- Bo truy van Master'!$C$5:$C$400,"S1 · NHẬN BIẾT (Cold)") -> 52 | C55: =IFERROR(B55/$B$46,0) -> 0.19847328
A56: S2 · TÌM HIỂU (Warm) | B56: =COUNTIF('3. Mũi- Bo truy van Master'!$C$5:$C$400,"S2 · TÌM HIỂU (Warm)") -> 70 | C56: =IFERROR(B56/$B$46,0) -> 0.26717557
A57: S3 · CÂN NHẮC & NỖI SỢ (Warm→Hot) | B57: =COUNTIF('3. Mũi- Bo truy van Master'!$C$5:$C$400,"S3 · CÂN NHẮC & NỖI SỢ (Warm→Hot)") -> 89 | C57: =IFERROR(B57/$B$46,0) -> 0.33969466
A58: S4 · THỰC HIỆN (Hot) | B58: =COUNTIF('3. Mũi- Bo truy van Master'!$C$5:$C$400,"S4 · THỰC HIỆN (Hot)") -> 17 | C58: =IFERROR(B58/$B$46,0) -> 0.064885496
A59: S5 · TRẢI NGHIỆM & HẬU PHẪU (Existing) | B59: =COUNTIF('3. Mũi- Bo truy van Master'!$C$5:$C$400,"S5 · TRẢI NGHIỆM & HẬU PHẪU (Existing)") -> 20 | C59: =IFERROR(B59/$B$46,0) -> 0.076335878
A60: S6 · GẮN BÓ & MỞ RỘNG (LTV) | B60: =COUNTIF('3. Mũi- Bo truy van Master'!$C$5:$C$400,"S6 · GẮN BÓ & MỞ RỘNG (LTV)") -> 14 | C60: =IFERROR(B60/$B$46,0) -> 0.053435114
A62: 7 · NHÂN BẢN CHO DỊCH VỤ KHÁC (Mắt, Hàm mặt, Ngực…) — checklist 8 bước
A63: ① Nhân bản cả 6 sheet; đổi tiền tố 'Mũi-' thành tên dịch vụ (vd '3. Mắt- Bo truy van Master'); công thức sheet 1/2/4/5/6 phải trỏ đúng sheet 3 mới (Tìm & thay tên sheet).
A64: ② Sheet 3: dán bộ truy vấn mới vào cột A–H, N–P (giữ nguyên cột công thức J, L). Mã cụm dạng Cxx ở đầu tên cụm.
A65: ③ Sheet 3 bảng bên phải (R→AB): thay 15 cụm bằng cụm của dịch vụ mới; gán Tầng A–D và Cơ hội GEO 1–3 (ô vàng).
A66: ④ Đánh dấu CORE 80/20 (cột I) ≈ 25–30% bộ, lấy từ Tầng A với ưu tiên P1 + giá trị Cao; điền THỨ TỰ TRIỂN KHAI.
A67: ⑤ Sheet 2: viết lại 6 giai đoạn hành vi + 3 nỗi sợ cho dịch vụ mới; cột 'Cụm truy vấn' khớp mã cụm sheet 3.
A68: ⑥ Sheet 4: 1 dòng/cụm — dạng nội dung, trang đích (KF-04), sóng, phụ trách.
A69: ⑦ Sheet 5: 20–24 prompt đo, phủ đủ cụm Tầng A (mỗi cụm ≥2 prompt).
A70: ⑧ Sheet 6: giữ 11 rào chung; cột giai đoạn/rào ở sheet 3 phải dùng đúng giá trị chuẩn (danh sách thả xuống) để bảng tự đếm.
A72: 8 · NGUỒN & NHẬT KÝ THAY ĐỔI
A73: — iPullRank / Ekamoira — query fan-out: 8–20 truy vấn con mỗi câu hỏi; 68% trang được trích nằm ngoài top 10 Google
A74: — SOCi (02/2026) — truy vấn vào LLM trung bình 23 từ, dài gấp ~6 lần truy vấn tìm kiếm truyền thống
... A77: v3 (11/09/2026): chuẩn hoá toàn bộ 6 sheet theo mẫu sheet 3 — cùng khung tiêu đề 4 dòng, cùng bảng màu, mọi số liệu là công thức liên kết sheet 3; gộp Master + Top 20% (v2); cột Giai đoạn chuẩn hoá về 6 giai đoạn (trước có 12 cách ghi); rào pháp lý gắn mã R0–R11; thêm 4 prompt đo cho C06/C07; bản đồ nội dung xếp theo hạng 80/20 + sóng triển khai + trạng thái.

Sheet 2. Mũi- Hanh vi KH
A1: MŨI — THẤU HIỂU HÀNH VI KHÁCH HÀNG · 6 GIAI ĐOẠN HÀNH TRÌNH
A2: Dùng để brief content, huấn luyện tư vấn viên và thiết kế kịch bản chốt. Mỗi giai đoạn một nỗi sợ khác nhau — trả lời sai nỗi sợ thì mất khách dù dịch vụ tốt. Ưu tiên: S3 ★★★ là điểm quyết định; S2 · S4 · S5 ★★; S1 · S6 ★ chạy nền.
A3: Cột I–K tự đếm từ sheet 3 (số truy vấn, số CORE, % điểm ưu tiên của giai đoạn). Giai đoạn ở sheet 3 phải dùng đúng 6 giá trị chuẩn ở cột A.
A4: GIAI ĐOẠN | B4: ƯU TIÊN | C4: KHÁCH ĐANG NGHĨ GÌ | D4: NỖI SỢ CHI PHỐI | E4: KHÁT KHAO THẬT | F4: TRIGGER CHUYỂN GIAI ĐOẠN | G4: KANGNAM PHẢI CÓ GÌ | H4: CỤM TRUY VẤN | I4: SỐ TV | J4: CORE | K4: % ĐIỂM
A5: S1 · NHẬN BIẾT (Cold) | B5: ★ Nền | C5: "Mũi mình trông không ổn nhưng không biết gọi là gì." Chưa nghĩ đến phẫu thuật. Soi gương, xem ảnh cũ, so với người khác. | D5: Sợ bị đánh giá là "thích làm màu". Sợ chính mình đang quá khắt khe. | E5: Được nhìn thấy bản thân trong ảnh mà không né ống kính. | F5: Một sự kiện sắp tới (cưới, phỏng vấn, họp lớp) HOẶC một bức ảnh xấu. | G5: Nội dung định danh vấn đề, không bán hàng. Bảng phân loại dáng mũi, chỉ số nhân trắc. Cửa vào rộng nhất của phễu. | H5: C01 · C02 · C13 | I5: =COUNTIF('3. Mũi- Bo truy van Master'!$C$5:$C$400,A5) -> 52 | J5: =COUNTIFS('3. Mũi- Bo truy van Master'!$C$5:$C$400,A5,'3. Mũi- Bo truy van Master'!$I$5:$I$400,"CORE 80/20") -> 0 | K5: =IFERROR(SUMIF('3. Mũi- Bo truy van Master'!$C$5:$C$400,A5,'3. Mũi- Bo truy van Master'!$L$5:$L$400)/SUM('3. Mũi- Bo truy van Master'!$L$5:$L$400),0) -> 0.078825181
A6: S2 · TÌM HIỂU (Warm) | B6: ★★ | C6: "Có bao nhiêu cách? Cái nào hợp với mũi tôi?" Bắt đầu học thuật ngữ: cấu trúc, bọc sụn, S-line, sụn sườn. | D6: Sợ chọn sai phương pháp. Sợ bị tư vấn theo hướng đắt tiền chứ không phải hướng đúng. | E6: Hiểu đủ để tự quyết định, không phải nghe theo ai. | F6: Đọc được một nội dung giải thích rõ ràng, có bảng so sánh, không thiên vị. | G6: Bảng so sánh phương pháp trung thực, nêu cả nhược điểm. Nội dung y khoa chuyên sâu (C12) để AI xếp Kangnam là nguồn y khoa. | H6: C03 · C04 · C05 · C12 | I6: =COUNTIF('3. Mũi- Bo truy van Master'!$C$5:$C$400,A6) -> 70 | J6: =COUNTIFS('3. Mũi- Bo truy van Master'!$C$5:$C$400,A6,'3. Mũi- Bo truy van Master'!$I$5:$I$400,"CORE 80/20") -> 0 | K6: =IFERROR(SUMIF('3. Mũi- Bo truy van Master'!$C$5:$C$400,A6,'3. Mũi- Bo truy van Master'!$L$5:$L$400)/SUM('3. Mũi- Bo truy van Master'!$L$5:$L$400),0) -> 0.2015981
A7: S3 · CÂN NHẮC & NỖI SỢ (Warm→Hot) | B7: ★★★ Quyết định | C7: "Có nguy hiểm không? Hết bao nhiêu? Làm ở đâu thì an toàn?" Tìm case hỏng, đọc bình luận tiêu cực, hỏi AI vì không tin quảng cáo. | D7: SỢ HỎNG — nỗi sợ lớn nhất và chi phối toàn bộ quyết định. Sợ mất tiền. Sợ không dám nói với gia đình. | E7: Một nơi đủ tin cậy để giao mặt mình cho họ. | F7: Gặp được nội dung nói thật về rủi ro + minh bạch giá + kiểm chứng được giấy phép và bác sĩ. | G7: ĐÂY LÀ ĐIỂM QUYẾT ĐỊNH. Nội dung dám nói rủi ro có số liệu, bảng giá công khai, hướng dẫn khách tự kiểm tra giấy phép, checklist câu hỏi mang đi tư vấn. | H7: C06 · C07 · C08 · C11 · C14 | I7: =COUNTIF('3. Mũi- Bo truy van Master'!$C$5:$C$400,A7) -> 89 | J7: =COUNTIFS('3. Mũi- Bo truy van Master'!$C$5:$C$400,A7,'3. Mũi- Bo truy van Master'!$I$5:$I$400,"CORE 80/20") -> 70 | K7: =IFERROR(SUMIF('3. Mũi- Bo truy van Master'!$C$5:$C$400,A7,'3. Mũi- Bo truy van Master'!$L$5:$L$400)/SUM('3. Mũi- Bo truy van Master'!$L$5:$L$400),0) -> 0.59777562
A8: S4 · THỰC HIỆN (Hot) | B8: ★★ | C8: "Cần chuẩn bị gì? Nghỉ mấy ngày? Có kiêng gì trước không?" Đã chọn nơi, đang gỡ rào cản thực tế. | D8: Sợ không thu xếp được công việc và gia đình. Sợ đau. Sợ gây mê. | E8: Mọi thứ diễn ra đúng như đã được nói trước. | F8: Có lịch trình rõ ràng theo ngày và người thật đồng hành. | G8: Nội dung quy trình từng bước có mốc thời gian. Đây là nơi giảm tỉ lệ hủy lịch và tăng show-up rate. | H8: C09 | I8: =COUNTIF('3. Mũi- Bo truy van Master'!$C$5:$C$400,A8) -> 17 | J8: =COUNTIFS('3. Mũi- Bo truy van Master'!$C$5:$C$400,A8,'3. Mũi- Bo truy van Master'!$I$5:$I$400,"CORE 80/20") -> 0 | K8: =IFERROR(SUMIF('3. Mũi- Bo truy van Master'!$C$5:$C$400,A8,'3. Mũi- Bo truy van Master'!$L$5:$L$400)/SUM('3. Mũi- Bo truy van Master'!$L$5:$L$400),0) -> 0.072562358
A9: S5 · TRẢI NGHIỆM & HẬU PHẪU (Existing) | B9: ★★ | C9: "Sưng thế này có bình thường không? Kiêng ăn gì? Bao giờ đẹp?" Lo lắng cao nhất trong 2 tuần đầu. | D9: Sợ mình là ca hỏng. Sợ hỏi nhiều thì bị coi là phiền. | E9: Được trấn an bằng thông tin đúng, đúng lúc. | F9: Vượt qua mốc 1 tháng và bắt đầu thấy dáng. | G9: Nội dung hậu phẫu theo mốc thời gian. Không tạo lead mới nhưng NEO THỰC THỂ trong AI, giảm biến chứng do chăm sai, và tạo khách giới thiệu. | H9: C10 | I9: =COUNTIF('3. Mũi- Bo truy van Master'!$C$5:$C$400,A9) -> 20 | J9: =COUNTIFS('3. Mũi- Bo truy van Master'!$C$5:$C$400,A9,'3. Mũi- Bo truy van Master'!$I$5:$I$400,"CORE 80/20") -> 0 | K9: =IFERROR(SUMIF('3. Mũi- Bo truy van Master'!$C$5:$C$400,A9,'3. Mũi- Bo truy van Master'!$L$5:$L$400)/SUM('3. Mũi- Bo truy van Master'!$L$5:$L$400),0) -> 0.024943311
A10: S6 · GẮN BÓ & MỞ RỘNG (LTV) | B10: ★ Nền | C10: "Giờ mũi ổn rồi, nhìn cằm lại thấy ngắn." Bắt đầu nhìn tổng thể gương mặt. | D10: Sợ làm quá nhiều thành mặt giả. | E10: Một gương mặt hài hòa, không phải một bộ phận đẹp. | F10: Được bác sĩ chỉ ra tương quan tổng thể một cách gợi mở, không ép. | G10: Cross-sell theo KF-04: mỗi bài chỉ chọn MỘT hướng, đặt cuối bài, dạng gợi mở. Mũi → cằm/hàm → nha khoa → trẻ hóa. | H10: C15 | I10: =COUNTIF('3. Mũi- Bo truy van Master'!$C$5:$C$400,A10) -> 14 | J10: =COUNTIFS('3. Mũi- Bo truy van Master'!$C$5:$C$400,A10,'3. Mũi- Bo truy van Master'!$I$5:$I$400,"CORE 80/20") -> 0 | K10: =IFERROR(SUMIF('3. Mũi- Bo truy van Master'!$C$5:$C$400,A10,'3. Mũi- Bo truy van Master'!$L$5:$L$400)/SUM('3. Mũi- Bo truy van Master'!$L$5:$L$400),0) -> 0.024295432
A12: BA NỖI SỢ QUYẾT ĐỊNH TOÀN BỘ NGÀNH THẨM MỸ MŨI — mọi nội dung phải trả lời được ít nhất một trong ba
A13: NỖI SỢ | C13: GIẢI THÍCH & CÁCH KANGNAM TRẢ LỜI | H13: CỤM XỬ LÝ | I13: SỐ TV | J13: CORE | K13: % ĐIỂM
A14: ① SỢ HỎNG KHÔNG SỬA ĐƯỢC | C14: Không phải sợ đau, mà sợ vĩnh viễn. Đối thủ né chủ đề này. Kangnam trả lời thẳng bằng số liệu + case tái phẫu thuật → chiếm luôn niềm tin. | H14: C06 + C11 | I14: =COUNTIF('3. Mũi- Bo truy van Master'!$B$5:$B$400,"C06*")+COUNTIF('3. Mũi- Bo truy van Master'!$B$5:$B$400,"C11*") -> 39 | J14: =COUNTIFS('3. Mũi- Bo truy van Master'!$B$5:$B$400,"C06*",'3. Mũi- Bo truy van Master'!$I$5:$I$400,"CORE 80/20")+COUNTIFS('3. Mũi- Bo truy van Master'!$B$5:$B$400,"C11*",'3. Mũi- Bo truy van Master'!$I$5:$I$400,"CORE 80/20") -> 32 | K14: =IFERROR((SUMIF('3. Mũi- Bo truy van Master'!$B$5:$B$400,"C06*",'3. Mũi- Bo truy van Master'!$L$5:$L$400)+SUMIF('3. Mũi- Bo truy van Master'!$B$5:$B$400,"C11*",'3. Mũi- Bo truy van Master'!$L$5:$L$400))/SUM('3. Mũi- Bo truy van Master'!$L$5:$L$400),0) -> 0.29446064
A15: ② SỢ CHỌN SAI BÁC SĨ | C15: Khách không đủ chuyên môn để đánh giá tay nghề. Họ tìm thứ KIỂM CHỨNG ĐƯỢC: giấy phép, chứng chỉ hành nghề, case cùng dáng mũi. | H15: C08 + C14 | I15: =COUNTIF('3. Mũi- Bo truy van Master'!$B$5:$B$400,"C08*")+COUNTIF('3. Mũi- Bo truy van Master'!$B$5:$B$400,"C14*") -> 34 | J15: =COUNTIFS('3. Mũi- Bo truy van Master'!$B$5:$B$400,"C08*",'3. Mũi- Bo truy van Master'!$I$5:$I$400,"CORE 80/20")+COUNTIFS('3. Mũi- Bo truy van Master'!$B$5:$B$400,"C14*",'3. Mũi- Bo truy van Master'!$I$5:$I$400,"CORE 80/20") -> 27 | K15: =IFERROR((SUMIF('3. Mũi- Bo truy van Master'!$B$5:$B$400,"C08*",'3. Mũi- Bo truy van Master'!$L$5:$L$400)+SUMIF('3. Mũi- Bo truy van Master'!$B$5:$B$400,"C14*",'3. Mũi- Bo truy van Master'!$L$5:$L$400))/SUM('3. Mũi- Bo truy van Master'!$L$5:$L$400),0) -> 0.18118994
A16: ③ SỢ BỊ MOI TIỀN | C16: Giá mập mờ = tín hiệu bị lừa. Bảng giá công khai có dải min–max vừa gỡ nỗi sợ vừa là vũ khí GEO mạnh nhất. | H16: C07 | I16: =COUNTIF('3. Mũi- Bo truy van Master'!$B$5:$B$400,"C07*") -> 16 | J16: =COUNTIFS('3. Mũi- Bo truy van Master'!$B$5:$B$400,"C07*",'3. Mũi- Bo truy van Master'!$I$5:$I$400,"CORE 80/20") -> 11 | K16: =IFERROR((SUMIF('3. Mũi- Bo truy van Master'!$B$5:$B$400,"C07*",'3. Mũi- Bo truy van Master'!$L$5:$L$400))/SUM('3. Mũi- Bo truy van Master'!$L$5:$L$400),0) -> 0.12212504

Sheet 3. Mũi- Bo truy van Master
A1: MŨI — BỘ TRUY VẤN MASTER (gộp Master + Top 20% ưu tiên) | ChatGPT · Gemini · Google AI Overview | R1: KHUYẾN NGHỊ CỤM ƯU TIÊN THEO NGUYÊN TẮC 80/20
A2: ="262 truy vấn · 15 cụm · "&COUNTIF($I$5:$I$266,"CORE 80/20")&" truy vấn CORE 80/20 ("&TEXT(COUNTIF($I$5:$I$266,"CORE 80/20")/COUNTA($A$5:$A$266),"0%")&" bộ) chiếm "&TEXT(SUMIF($I$5:$I$266,"CORE 80/20",$L$5:$L$266)/SUM($L$5:$L$266),"0%")&" điểm ưu tiên · CORE xếp trên cùng theo thứ tự triển khai 90 ngày · Khuyến nghị cụm 80/20 ở bảng bên phải (cột R → AB)." -> 262 truy vấn · 15 cụm · 70 truy vấn CORE 80/20 (27% bộ) chiếm 51% điểm ưu tiên · CORE xếp trên cùng theo thứ tự triển khai 90 ngày · Khuyến nghị cụm 80/20 ở bảng bên phải (cột R → AB). | R2: Xếp hạng cụm theo điểm ưu tiên (giá trị × độ gần chuyển đổi × cơ hội GEO). Tầng A = làm trước trong 90 ngày với 70% ngân sách nội dung; B = sau khi A xong ~60%; C–D chạy nền để giữ độ phủ chủ đề. Cột V (vàng) chỉnh được — điểm và % tự tính lại; nếu thứ hạng đổi, sắp lại bảng theo cột Y.
A3: ĐIỂM ƯU TIÊN = Giá trị DT (Cao 3 · TB 2 · Thấp 1) × Nhiệt độ (Hot 3 · Warm 2 · Cold 1) × Ưu tiên (P1 3 · P2 2 · P3 1) × Cơ hội GEO của cụm (1–3, chỉnh ở cột V bảng bên phải). Tầng ưu tiên lấy theo cụm. Từ khoá ưu tiên là đề xuất — SEO xác nhận bằng volume thật.
A4: ID | B4: CỤM CHỦ ĐỀ | C4: GIAI ĐOẠN | D4: TRUY VẤN KHÁCH GÕ VÀO AI | E4: GÓC HỎI (fan-out) | F4: NHIỆT ĐỘ | G4: ƯU TIÊN | H4: GIÁ TRỊ DT | I4: NHÓM 80/20 | J4: TẦNG ƯU TIÊN | K4: THỨ TỰ TRIỂN KHAI (CORE) | L4: ĐIỂM ƯU TIÊN | M4: TỪ KHOÁ ƯU TIÊN (đề xuất) | N4: KHỐI TRẢ LỜI CẦN CÓ (brief giao content) | O4: TRANG ĐÍCH KANGNAM (KF-04) | P4: RÀO PHÁP LÝ (KF-11) | R4: HẠNG | S4: MÃ | T4: CỤM | U4: TẦNG | V4: CƠ HỘI GEO (1–3) | W4: SỐ TV | X4: CORE | Y4: ĐIỂM CỤM | Z4: % ĐIỂM | AA4: % LŨY KẾ | AB4: KHUYẾN NGHỊ HÀNH ĐỘNG
A5: C11-01 | B5: C11 · Sửa mũi hỏng & tái phẫu thuật ⭐⭐⭐ | C5: S3 · CÂN NHẮC & NỖI SỢ (Warm→Hot) | D5: Mũi nâng bị hỏng thì sửa lại ở đâu tốt tại Hà Nội? | E5: Local | F5: Hot | G5: P1 | H5: Cao | I5: CORE 80/20 | J5: =IFERROR(INDEX($U$5:$U$19,MATCH(LEFT(B5,3),$S$5:$S$19,0)),"") -> A · CORE 80/20 | K5: 1 | L5: =IF(H5="Cao",3,IF(H5="TB",2,1))*IF(F5="Hot",3,IF(F5="Warm",2,1))*(4-VALUE(RIGHT(G5,1)))*IFERROR(INDEX($V$5:$V$19,MATCH(LEFT(B5,3),$S$5:$S$19,0)),1) -> 81 | M5: sửa mũi hỏng ở đâu tốt | N5: Trang chuyên biệt về tái phẫu thuật mũi: quy trình tiếp nhận, bác sĩ phụ trách, case tái phẫu thuật thật có văn bản đồng ý | O5: Trang con: Khắc phục mũi hỏng (pillar mũi) | P5: R5 · Ảnh/video KH phải có văn bản đồng ý minh thị (KF-11 N.5) | R5: 1 | S5: C11 | T5: C11 · Sửa mũi hỏng & tái phẫu thuật ⭐⭐⭐ | U5: A · CORE 80/20 | V5: 3 | W5: =COUNTIF($B$5:$B$266,S5&"*") -> 19 | X5: =COUNTIFS($B$5:$B$266,S5&"*",$I$5:$I$266,"CORE 80/20") -> 15 | Y5: =SUMIF($B$5:$B$266,S5&"*",$L$5:$L$266) -> 1431 | Z5: =IFERROR(Y5/SUM($Y$5:$Y$19),0) -> 0.15451895 | AA5: =SUM($Z$5:Z5) -> 0.15451895 | AB5: Mỏ vàng: giá trị đơn cao nhất, đối thủ né. Trang chuyên biệt tái phẫu thuật + 8 bài tình huống hỏng + case có văn bản đồng ý.
A6: C11-02 | B6: C11 · Sửa mũi hỏng & tái phẫu thuật ⭐⭐⭐ | C6: S3 · CÂN NHẮC & NỖI SỢ (Warm→Hot) | D6: Sau khi nâng mũi hỏng bao lâu thì được sửa lại? | E6: Thời gian | F6: Hot | G6: P1 | H6: Cao | I6: CORE 80/20 | J6: =IFERROR(INDEX($U$5:$U$19,MATCH(LEFT(B6,3),$S$5:$S$19,0)),"") -> A · CORE 80/20 | K6: 2 | L6: =IF(H6="Cao",3,IF(H6="TB",2,1))*IF(F6="Hot",3,IF(F6="Warm",2,1))*(4-VALUE(RIGHT(G6,1)))*IFERROR(INDEX($V$5:$V$19,MATCH(LEFT(B6,3),$S$5:$S$19,0)),1) -> 81 | M6: nâng mũi hỏng bao lâu sửa | N6: Mốc chuẩn: tối thiểu 3–6 tháng để mô ổn định, trừ trường hợp cấp (nhiễm trùng, lộ sụn, hoại tử) phải can thiệp ngay — phân định cấp/không cấp là nội dung AI trích rất nhiều | O6: Trang con: Khắc phục mũi hỏng (pillar mũi) | P6: R9 · Nội dung dịch vụ KCB cần Giấy xác nhận nội dung QC tại Sở Y tế (KF-11) | R6: 2 | S6: C06 | T6: C06 · Nỗi sợ, rủi ro & biến chứng ⭐ | U6: A · CORE 80/20 | V6: 3 | W6: =COUNTIF($B$5:$B$266,S6&"*") -> 20 | X6: =COUNTIFS($B$5:$B$266,S6&"*",$I$5:$I$266,"CORE 80/20") -> 17 | Y6: =SUMIF($B$5:$B$266,S6&"*",$L$5:$L$266) -> 1296 | Z6: =IFERROR(Y6/SUM($Y$5:$Y$19),0) -> 0.13994169 | AA6: =SUM($Z$5:Z6) -> 0.29446064 | AB6: Gỡ rào cản lớn nhất. Trang 'rủi ro & biến chứng nói thật' có số liệu + nguồn; bài từng biến chứng. Qua Pháp chế.
A7: C11-03 | B7: C11 · Sửa mũi hỏng & tái phẫu thuật ⭐⭐⭐ | C7: S3 · CÂN NHẮC & NỖI SỢ (Warm→Hot) | D7: Mũi bị bóng đỏ đầu mũi thì có phải tháo sụn không? | E7: Xử lý | F7: Hot | G7: P1 | H7: Cao | I7: CORE 80/20 | J7: =IFERROR(INDEX($U$5:$U$19,MATCH(LEFT(B7,3),$S$5:$S$19,0)),"") -> A · CORE 80/20 | K7: 3 | L7: =IF(H7="Cao",3,IF(H7="TB",2,1))*IF(F7="Hot",3,IF(F7="Warm",2,1))*(4-VALUE(RIGHT(G7,1)))*IFERROR(INDEX($V$5:$V$19,MATCH(LEFT(B7,3),$S$5:$S$19,0)),1) -> 81 | M7: mũi bị bóng đỏ | N7: Phân tầng xử lý theo mức độ: hạ độ cao sụn, thay vật liệu mềm hơn, ghép mô đệm, hoặc tháo và chờ hồi phục | O7: Trang con: Khắc phục mũi hỏng (pillar mũi) | P7: R9 · Nội dung dịch vụ KCB cần Giấy xác nhận nội dung QC tại Sở Y tế (KF-11) | R7: 3 | S7: C07 | T7: C07 · Chi phí & bảng giá ⭐ | U7: A · CORE 80/20 | V7: 3 | W7: =COUNTIF($B$5:$B$266,S7&"*") -> 16 | X7: =COUNTIFS($B$5:$B$266,S7&"*",$I$5:$I$266,"CORE 80/20") -> 11 | Y7: =SUMIF($B$5:$B$266,S7&"*",$L$5:$L$266) -> 1131 | Z7: =IFERROR(Y7/SUM($Y$5:$Y$19),0) -> 0.12212504 | AA7: =SUM($Z$5:Z7) -> 0.41658568 | AB7: Đòn rẻ & nhanh nhất: toàn ngành giấu giá. Trang bảng giá min–max, bóc tách cấu phần, ngày cập nhật.
A8: C11-04 | B8: C11 · Sửa mũi hỏng & tái phẫu thuật ⭐⭐⭐ | C8: S3 · CÂN NHẮC & NỖI SỢ (Warm→Hot) | D8: Sửa mũi hỏng lần 2, lần 3 có được không, có giới hạn số lần không? | E8: Điều kiện | F8: Hot | G8: P1 | H8: Cao | I8: CORE 80/20 | J8: =IFERROR(INDEX($U$5:$U$19,MATCH(LEFT(B8,3),$S$5:$S$19,0)),"") -> A · CORE 80/20 | K8: 4 | L8: =IF(H8="Cao",3,IF(H8="TB",2,1))*IF(F8="Hot",3,IF(F8="Warm",2,1))*(4-VALUE(RIGHT(G8,1)))*IFERROR(INDEX($V$5:$V$19,MATCH(LEFT(B8,3),$S$5:$S$19,0)),1) -> 81 | M8: sửa mũi nhiều lần | N8: Không có giới hạn cứng nhưng mỗi lần khó hơn do sẹo và thiếu vật liệu tự thân; giải thích vì sao lần sửa đầu tiên nên làm đúng ngay | O8: Trang con: Khắc phục mũi hỏng (pillar mũi) | P8: R1 · Không cam kết 100%/vĩnh viễn/không biến chứng (KF-11 NT.3) | R8: 4 | S8: C08 | T8: C08 · Chọn cơ sở & bác sĩ ⭐⭐ | U8: A · CORE 80/20 | V8: 2 | W8: =COUNTIF($B$5:$B$266,S8&"*") -> 18 | X8: =COUNTIFS($B$5:$B$266,S8&"*",$I$5:$I$266,"CORE 80/20") -> 15 | Y8: =SUMIF($B$5:$B$266,S8&"*",$L$5:$L$266) -> 918 | Z8: =IFERROR(Y8/SUM($Y$5:$Y$19),0) -> 0.099125364 | AA8: =SUM($Z$5:Z8) -> 0.51571105 | AB8: Nơi AI thay hành vi hỏi hội nhóm. Trang local chuẩn NAP + checklist 12 câu hỏi mang đi tư vấn + hướng dẫn tự tra giấy phép.
A9: C11-05 | B9: C11 · Sửa mũi hỏng & tái phẫu thuật ⭐⭐⭐ | C9: S3 · CÂN NHẮC & NỖI SỢ (Warm→Hot) | D9: Tháo sụn mũi ra thì mũi có về được như ban đầu không? | E9: Phản đối | F9: Hot | G9: P1 | H9: Cao | I9: CORE 80/20 | J9: =IFERROR(INDEX($U$5:$U$19,MATCH(LEFT(B9,3),$S$5:$S$19,0)),"") -> A · CORE 80/20 | K9: 5 | L9: =IF(H9="Cao",3,IF(H9="TB",2,1))*IF(F9="Hot",3,IF(F9="Warm",2,1))*(4-VALUE(RIGHT(G9,1)))*IFERROR(INDEX($V$5:$V$19,MATCH(LEFT(B9,3),$S$5:$S$19,0)),1) -> 81 | M9: tháo sụn mũi | N9: Trả lời trung thực: gần giống nhưng không y hệt; mô đã co và da đã giãn; thời gian ổn định sau tháo 3–6 tháng | O9: Trang con: Khắc phục mũi hỏng (pillar mũi) | P9: R1 · Không cam kết 100%/vĩnh viễn/không biến chứng (KF-11 NT.3) | R9: 5 | S9: C14 | T9: C14 · Thực thể thương hiệu & bác sĩ (GEO Entity) ⭐⭐ | U9: A · CORE 80/20 | V9: 2 | W9: =COUNTIF($B$5:$B$266,S9&"*") -> 16 | X9: =COUNTIFS($B$5:$B$266,S9&"*",$I$5:$I$266,"CORE 80/20") -> 12 | Y9: =SUMIF($B$5:$B$266,S9&"*",$L$5:$L$266) -> 760 | Z9: =IFERROR(Y9/SUM($Y$5:$Y$19),0) -> 0.082064572 | AA9: =SUM($Z$5:Z9) -> 0.59777562 | AB9: Điều kiện cần để AI quy công về Kangnam: trang thực thể + hồ sơ bác sĩ (ProfilePage, IndividualPhysician, sameAs).
A10: C11-06 | B10: C11 · Sửa mũi hỏng & tái phẫu thuật ⭐⭐⭐ | C10: S3 · CÂN NHẮC & NỖI SỢ (Warm→Hot) | D10: Mũi bị lộ sóng thấy rõ đường viền sụn thì khắc phục thế nào? | E10: Xử lý | F10: Hot | G10: P1 | H10: Cao | I10: CORE 80/20 | J10: =IFERROR(INDEX($U$5:$U$19,MATCH(LEFT(B10,3),$S$5:$S$19,0)),"") -> A · CORE 80/20 | K10: 6 | L10: =IF(H10="Cao",3,IF(H10="TB",2,1))*IF(F10="Hot",3,IF(F10="Warm",2,1))*(4-VALUE(RIGHT(G10,1)))*IFERROR(INDEX($V$5:$V$19,MATCH(LEFT(B10,3),$S$5:$S$19,0)),1) -> 81 | M10: mũi bị lộ sóng | N10: Giải pháp: thay sụn mềm hơn/thấp hơn + ghép lớp đệm mô mềm; nêu rõ da mỏng là yếu tố cần xử lý gốc | O10: Trang con: Khắc phục mũi hỏng (pillar mũi) | P10: R9 · Nội dung dịch vụ KCB cần Giấy xác nhận nội dung QC tại Sở Y tế (KF-11) | R10: 6 | S10: C09 | T10: C09 · Quy trình, chuẩn bị & điều kiện sức khỏe | U10: B · Đòn bẩy chuyển đổi | V10: 2 | W10: =COUNTIF($B$5:$B$266,S10&"*") -> 17 | X10: =COUNTIFS($B$5:$B$266,S10&"*",$I$5:$I$266,"CORE 80/20") -> 0 | Y10: =SUMIF($B$5:$B$266,S10&"*",$L$5:$L$266) -> 672 | Z10: =IFERROR(Y10/SUM($Y$5:$Y$19),0) -> 0.072562358 | AA10: =SUM($Z$5:Z10) -> 0.67033798 | AB10: Giảm hủy lịch, tăng show-up: quy trình 8 bước có mốc + điều kiện sức khỏe + checklist chuẩn bị.
A11: C11-07 | B11: C11 · Sửa mũi hỏng & tái phẫu thuật ⭐⭐⭐ | C11: S3 · CÂN NHẮC & NỖI SỢ (Warm→Hot) | D11: Mũi bị nhiễm trùng sau nâng đã tháo sụn, giờ muốn làm lại thì chờ bao lâu? | E11: Thời gian | F11: Hot | G11: P1 | H11: Cao | I11: CORE 80/20 | J11: =IFERROR(INDEX($U$5:$U$19,MATCH(LEFT(B11,3),$S$5:$S$19,0)),"") -> A · CORE 80/20 | K11: 7 | L11: =IF(H11="Cao",3,IF(H11="TB",2,1))*IF(F11="Hot",3,IF(F11="Warm",2,1))*(4-VALUE(RIGHT(G11,1)))*IFERROR(INDEX($V$5:$V$19,MATCH(LEFT(B11,3),$S$5:$S$19,0)),1) -> 81 | M11: tháo sụn bao lâu nâng lại | N11: Chờ tối thiểu 6 tháng sau khi hết nhiễm trùng hoàn toàn; cần cấy dịch xác định vi khuẩn trước khi tái phẫu thuật | O11: Trang con: Khắc phục mũi hỏng (pillar mũi) | P11: R9 · Nội dung dịch vụ KCB cần Giấy xác nhận nội dung QC tại Sở Y tế (KF-11) | R11: 7 | S11: C04 | T11: C04 · Chất liệu sụn & vật liệu | U11: B · Đòn bẩy chuyển đổi | V11: 2 | W11: =COUNTIF($B$5:$B$266,S11&"*") -> 18 | X11: =COUNTIFS($B$5:$B$266,S11&"*",$I$5:$I$266,"CORE 80/20") -> 0 | Y11: =SUMIF($B$5:$B$266,S11&"*",$L$5:$L$266) -> 580 | Z11: =IFERROR(Y11/SUM($Y$5:$Y$19),0) -> 0.062628226 | AA11: =SUM($Z$5:Z11) -> 0.7329662 | AB11: Chứng minh chuyên môn: bài vật liệu + 'cách kiểm tra sụn thật/giả' (tem, hộp, số lưu hành).
A12: C11-08 | B12: C11 · Sửa mũi hỏng & tái phẫu thuật ⭐⭐⭐ | C12: S3 · CÂN NHẮC & NỖI SỢ (Warm→Hot) | D12: Nâng mũi bị co rút (mũi ngắn lại, hếch lên) thì sửa được không? | E12: Xử lý | F12: Hot | G12: P1 | H12: Cao | I12: CORE 80/20 | J12: =IFERROR(INDEX($U$5:$U$19,MATCH(LEFT(B12,3),$S$5:$S$19,0)),"") -> A · CORE 80/20 | K12: 8 | L12: =IF(H12="Cao",3,IF(H12="TB",2,1))*IF(F12="Hot",3,IF(F12="Warm",2,1))*(4-VALUE(RIGHT(G12,1)))*IFERROR(INDEX($V$5:$V$19,MATCH(LEFT(B12,3),$S$5:$S$19,0)),1) -> 81 | M12: mũi bị co rút | N12: Đây là ca khó nhất của tái phẫu thuật; giải pháp kéo dài bằng sụn sườn + giải phóng mô sẹo; nêu thật mức độ cải thiện có giới hạn | O12: Trang con: Khắc phục mũi hỏng (pillar mũi) | P12: R1 · Không cam kết 100%/vĩnh viễn/không biến chứng (KF-11 NT.3) | R12: 8 | S12: C05 | T12: C05 · Không phẫu thuật: filler & chỉ nâng mũi | U12: B · Đòn bẩy chuyển đổi | V12: 2 | W12: =COUNTIF($B$5:$B$266,S12&"*") -> 16 | X12: =COUNTIFS($B$5:$B$266,S12&"*",$I$5:$I$266,"CORE 80/20") -> 0 | Y12: =SUMIF($B$5:$B$266,S12&"*",$L$5:$L$266) -> 562 | Z12: =IFERROR(Y12/SUM($Y$5:$Y$19),0) -> 0.060684591 | AA12: =SUM($Z$5:Z12) -> 0.79365079 | AB12: Cầu nối chi phí thấp → phẫu thuật: bài 'đã tiêm filler giờ muốn nâng mũi'.
A13: C11-09 | B13: C11 · Sửa mũi hỏng & tái phẫu thuật ⭐⭐⭐ | C13: S3 · CÂN NHẮC & NỖI SỢ (Warm→Hot) | D13: Mũi sau nâng bị lệch sang một bên thì sửa lại có khó không? | E13: Xử lý | F13: Hot | G13: P1 | H13: Cao | I13: CORE 80/20 | J13: =IFERROR(INDEX($U$5:$U$19,MATCH(LEFT(B13,3),$S$5:$S$19,0)),"") -> A · CORE 80/20 | K13: 9 | L13: =IF(H13="Cao",3,IF(H13="TB",2,1))*IF(F13="Hot",3,IF(F13="Warm",2,1))*(4-VALUE(RIGHT(G13,1)))*IFERROR(INDEX($V$5:$V$19,MATCH(LEFT(B13,3),$S$5:$S$19,0)),1) -> 81 | M13: sửa mũi bị lệch | N13: Phân biệt lệch do sụn, do trục xương, do bao xơ co kéo; mỗi nguyên nhân một hướng xử lý | O13: Trang con: Khắc phục mũi hỏng (pillar mũi) | P13: R9 · Nội dung dịch vụ KCB cần Giấy xác nhận nội dung QC tại Sở Y tế (KF-11) | R13: 9 | S13: C12 | T13: C12 · Chức năng mũi & y khoa (E-E-A-T) | U13: C · Uy tín & giữ chân | V13: 2 | W13: =COUNTIF($B$5:$B$266,S13&"*") -> 16 | X13: =COUNTIFS($B$5:$B$266,S13&"*",$I$5:$I$266,"CORE 80/20") -> 0 | Y13: =SUMIF($B$5:$B$266,S13&"*",$L$5:$L$266) -> 426 | Z13: =IFERROR(Y13/SUM($Y$5:$Y$19),0) -> 0.045999352 | AA13: =SUM($Z$5:Z13) -> 0.83965015 | AB13: Trục uy tín y khoa (E-E-A-T): 6 bài chức năng mũi/vách ngăn có bác sĩ thẩm định.
A14: C11-10 | B14: C11 · Sửa mũi hỏng & tái phẫu thuật ⭐⭐⭐ | C14: S3 · CÂN NHẮC & NỖI SỢ (Warm→Hot) | D14: Đầu mũi bị mỏng và sắp thủng thì phải làm gì ngay? | E14: Cấp cứu | F14: Hot | G14: P1 | H14: Cao | I14: CORE 80/20 | J14: =IFERROR(INDEX($U$5:$U$19,MATCH(LEFT(B14,3),$S$5:$S$19,0)),"") -> A · CORE 80/20 | K14: 10 | L14: =IF(H14="Cao",3,IF(H14="TB",2,1))*IF(F14="Hot",3,IF(F14="Warm",2,1))*(4-VALUE(RIGHT(G14,1)))*IFERROR(INDEX($V$5:$V$19,MATCH(LEFT(B14,3),$S$5:$S$19,0)),1) -> 81 | M14: đầu mũi bị mỏng | N14: Đây là tình huống KHẨN: hướng dẫn liên hệ ngay, không chờ; nguy cơ lộ sụn và nhiễm trùng lan | O14: Trang con: Khắc phục mũi hỏng (pillar mũi) | P14: R9 · Nội dung dịch vụ KCB cần Giấy xác nhận nội dung QC tại Sở Y tế (KF-11) | R14: 10 | S14: C13 | T14: C13 · Nhóm khách hàng đặc thù | U14: B · Đòn bẩy chuyển đổi | V14: 2 | W14: =COUNTIF($B$5:$B$266,S14&"*") -> 15 | X14: =COUNTIFS($B$5:$B$266,S14&"*",$I$5:$I$266,"CORE 80/20") -> 0 | Y14: =SUMIF($B$5:$B$266,S14&"*",$L$5:$L$266) -> 420 | Z14: =IFERROR(Y14/SUM($Y$5:$Y$19),0) -> 0.045351474 | AA14: =SUM($Z$5:Z14) -> 0.88500162 | AB14: Khớp truy vấn dài có ngữ cảnh: 5 bài phân khúc (nam, 40+, da mỏng, da dày, khách tỉnh).
A15: C11-11 | B15: C11 · Sửa mũi hỏng & tái phẫu thuật ⭐⭐⭐ | C15: S3 · CÂN NHẮC & NỖI SỢ (Warm→Hot) | D15: Chi phí sửa mũi hỏng khoảng bao nhiêu? | E15: Chi phí | F15: Hot | G15: P1 | H15: Cao | I15: CORE 80/20 | J15: =IFERROR(INDEX($U$5:$U$19,MATCH(LEFT(B15,3),$S$5:$S$19,0)),"") -> A · CORE 80/20 | K15: 11 | L15: =IF(H15="Cao",3,IF(H15="TB",2,1))*IF(F15="Hot",3,IF(F15="Warm",2,1))*(4-VALUE(RIGHT(G15,1)))*IFERROR(INDEX($V$5:$V$19,MATCH(LEFT(B15,3),$S$5:$S$19,0)),1) -> 81 | M15: giá sửa mũi hỏng | N15: Khoảng giá theo mức độ (tháo đơn thuần / thay sụn / tái cấu trúc toàn bộ bằng sụn sườn) — công khai giá cụm này gần như không cơ sở nào làm | O15: /bang-gia/#tham-my-mui | P15: R9 · Nội dung dịch vụ KCB cần Giấy xác nhận nội dung QC tại Sở Y tế (KF-11) | R15: 11 | S15: C03 | T15: C03 · Phương pháp & công nghệ nâng mũi | U15: B · Đòn bẩy chuyển đổi | V15: 1 | W15: =COUNTIF($B$5:$B$266,S15&"*") -> 20 | X15: =COUNTIFS($B$5:$B$266,S15&"*",$I$5:$I$266,"CORE 80/20") -> 0 | Y15: =SUMIF($B$5:$B$266,S15&"*",$L$5:$L$266) -> 299 | Z15: =IFERROR(Y15/SUM($Y$5:$Y$19),0) -> 0.03228593 | AA15: =SUM($Z$5:Z15) -> 0.91728755 | AB15: Nơi AI trả lời nhiều nhất nhưng cạnh tranh đông: 1 pillar bảng so sánh 5 phương pháp, nêu cả nhược điểm.
A16: C11-12 | B16: C11 · Sửa mũi hỏng & tái phẫu thuật ⭐⭐⭐ | C16: S3 · CÂN NHẮC & NỖI SỢ (Warm→Hot) | D16: Sửa mũi hỏng ở nơi khác thì Kangnam có nhận không? | E16: Quy trình | F16: Hot | G16: P1 | H16: Cao | I16: CORE 80/20 | J16: =IFERROR(INDEX($U$5:$U$19,MATCH(LEFT(B16,3),$S$5:$S$19,0)),"") -> A · CORE 80/20 | K16: 12 | L16: =IF(H16="Cao",3,IF(H16="TB",2,1))*IF(F16="Hot",3,IF(F16="Warm",2,1))*(4-VALUE(RIGHT(G16,1)))*IFERROR(INDEX($V$5:$V$19,MATCH(LEFT(B16,3),$S$5:$S$19,0)),1) -> 81 | M16: thẩm mỹ kangnam sửa mũi hỏng | N16: Khẳng định có tiếp nhận + quy trình đánh giá lại + tinh thần không phán xét nơi cũ — thái độ này quyết định chuyển đổi cụm giá trị cao nhất | O16: Trang con: Khắc phục mũi hỏng (pillar mũi) | P16: R6 · KHÔNG so sánh trực tiếp/nêu tên đối thủ — chỉ đưa bộ tiêu chí khách quan | R16: 12 | S16: C10 | T16: C10 · Hậu phẫu & chăm sóc ⭐ | U16: C · Uy tín & giữ chân | V16: 1 | W16: =COUNTIF($B$5:$B$266,S16&"*") -> 20 | X16: =COUNTIFS($B$5:$B$266,S16&"*",$I$5:$I$266,"CORE 80/20") -> 0 | Y16: =SUMIF($B$5:$B$266,S16&"*",$L$5:$L$266) -> 231 | Z16: =IFERROR(Y16/SUM($Y$5:$Y$19),0) -> 0.024943311 | AA16: =SUM($Z$5:Z16) -> 0.94223086 | AB16: Không tạo lead mới nhưng neo thực thể + giảm biến chứng do chăm sai: cẩm nang hậu phẫu theo mốc, nhúng Zalo OA.
... A19: C11-18 | B19: C11 · Sửa mũi hỏng & tái phẫu thuật ⭐⭐⭐ | C19: S3 · CÂN NHẮC & NỖI SỢ (Warm→Hot) | D19: Sửa mũi hỏng cần dùng sụn sườn hay sụn tai là đủ? | E19: So sánh | F19: Hot | G19: P1 | H19: Cao | I19: CORE 80/20 | J19: =IFERROR(INDEX($U$5:$U$19,MATCH(LEFT(B19,3),$S$5:$S$19,0)),"") -> A · CORE 80/20 | K19: 15 | L19: =IF(H19="Cao",3,IF(H19="TB",2,1))*IF(F19="Hot",3,IF(F19="Warm",2,1))*(4-VALUE(RIGHT(G19,1)))*IFERROR(INDEX($V$5:$V$19,MATCH(LEFT(B19,3),$S$5:$S$19,0)),1) -> 81 | M19: sửa mũi bằng sụn sườn | N19: Tiêu chí chọn theo lượng sụn cần và số lần đã mổ; đa số ca tái phẫu thuật phức tạp cần sụn sườn | O19: /kien-thuc/mui/nang-mui-cau-truc/ | P19: R9 · Nội dung dịch vụ KCB cần Giấy xác nhận nội dung QC tại Sở Y tế (KF-11) | R19: 15 | S19: C02 | T19: C02 · Nhân tướng & phong thủy mũi (đặc thù VN) | U19: D · Cửa vào rộng | V19: 1 | W19: =COUNTIF($B$5:$B$266,S19&"*") -> 18 | X19: =COUNTIFS($B$5:$B$266,S19&"*",$I$5:$I$266,"CORE 80/20") -> 0 | Y19: =SUMIF($B$5:$B$266,S19&"*",$L$5:$L$266) -> 134 | Z19: =IFERROR(Y19/SUM($Y$5:$Y$19),0) -> 0.01446928 | AA19: =SUM($Z$5:Z19) -> 1 | AB19: Traffic lớn, đặc thù VN: 1 bài tổng hợp quan niệm nhân tướng + FAQ, dẫn mềm sang giải pháp.
A20: C08-01 | B20: C08 · Chọn cơ sở & bác sĩ ⭐⭐ | C20: S3 · CÂN NHẮC & NỖI SỢ (Warm→Hot) | D20: Nâng mũi ở đâu uy tín và an toàn tại Hà Nội? | E20: Local | F20: Hot | G20: P1 | H20: Cao | I20: CORE 80/20 | J20: =IFERROR(INDEX($U$5:$U$19,MATCH(LEFT(B20,3),$S$5:$S$19,0)),"") -> A · CORE 80/20 | K20: 16 | L20: =IF(H20="Cao",3,IF(H20="TB",2,1))*IF(F20="Hot",3,IF(F20="Warm",2,1))*(4-VALUE(RIGHT(G20,1)))*IFERROR(INDEX($V$5:$V$19,MATCH(LEFT(B20,3),$S$5:$S$19,0)),1) -> 54 | M20: nâng mũi uy tín hà nội | N20: Trang local có: địa chỉ NAP chuẩn, giấy phép, danh sách bác sĩ đúng chuyên khoa, ảnh thực tế cơ sở, schema MedicalClinic + IndividualPhysician | O20: /dich-vu/nang-mui/nang-mui-o-dau-dep/ | P20: R9 · Nội dung dịch vụ KCB cần Giấy xác nhận nội dung QC tại Sở Y tế (KF-11) | T20: TỔNG | W20: =SUM(W5:W19) -> 262 | X20: =SUM(X5:X19) -> 70 | Y20: =SUM(Y5:Y19) -> 9261
A21: C08-02 | B21: C08 · Chọn cơ sở & bác sĩ ⭐⭐ | C21: S3 · CÂN NHẮC & NỖI SỢ (Warm→Hot) | D21: Làm sao để biết một cơ sở thẩm mỹ có được cấp phép phẫu thuật mũi hay không? | E21: Kiểm chứng | F21: Hot | G21: P1 | H21: Cao | I21: CORE 80/20 | J21: =IFERROR(INDEX($U$5:$U$19,MATCH(LEFT(B21,3),$S$5:$S$19,0)),"") -> A · CORE 80/20 | K21: 17 | L21: =IF(H21="Cao",3,IF(H21="TB",2,1))*IF(F21="Hot",3,IF(F21="Warm",2,1))*(4-VALUE(RIGHT(G21,1)))*IFERROR(INDEX($V$5:$V$19,MATCH(LEFT(B21,3),$S$5:$S$19,0)),1) -> 54 | M21: tra cứu giấy phép thẩm mỹ | N21: Hướng dẫn từng bước tra cứu trên cổng thông tin Sở Y tế + đọc phạm vi chuyên môn trong giấy phép; nội dung 'dạy khách tự kiểm tra' tạo uy tín cực mạnh | O21: /chuyen-khoa/chuyen-khoa-tham-my-mui/ | P21: R9 · Nội dung dịch vụ KCB cần Giấy xác nhận nội dung QC tại Sở Y tế (KF-11)
A22: C08-03 | B22: C08 · Chọn cơ sở & bác sĩ ⭐⭐ | C22: S3 · CÂN NHẮC & NỖI SỢ (Warm→Hot) | D22: Tiêu chí nào để chọn bác sĩ nâng mũi giỏi? | E22: Kiểm chứng | F22: Hot | G22: P1 | H22: Cao | I22: CORE 80/20 | J22: =IFERROR(INDEX($U$5:$U$19,MATCH(LEFT(B22,3),$S$5:$S$19,0)),"") -> A · CORE 80/20 | K22: 18 | L22: =IF(H22="Cao",3,IF(H22="TB",2,1))*IF(F22="Hot",3,IF(F22="Warm",2,1))*(4-VALUE(RIGHT(G22,1)))*IFERROR(INDEX($V$5:$V$19,MATCH(LEFT(B22,3),$S$5:$S$19,0)),1) -> 54 | M22: chọn bác sĩ nâng mũi | N22: Bộ 7 tiêu chí kiểm chứng được: chứng chỉ hành nghề, phạm vi chuyên môn, số năm chuyên sâu mũi, case cùng dáng mũi, minh bạch rủi ro, sẵn sàng từ chối ca không phù hợp, chế độ theo dõi | O22: /doi-ngu-bac-si/ | P22: R4 · Chỉ gắn bác sĩ đúng chuyên khoa + đã đăng ký hành nghề tại cơ sở (KF-11 N.6, KF-02) | R22: TÓM TẮT THEO TẦNG — Pareto thực tế của bộ
A23: C08-04 | B23: C08 · Chọn cơ sở & bác sĩ ⭐⭐ | C23: S3 · CÂN NHẮC & NỖI SỢ (Warm→Hot) | D23: Bác sĩ nào chuyên về thẩm mỹ mũi ở Hà Nội? | E23: Thực thể | F23: Hot | G23: P1 | H23: Cao | I23: CORE 80/20 | J23: =IFERROR(INDEX($U$5:$U$19,MATCH(LEFT(B23,3),$S$5:$S$19,0)),"") -> A · CORE 80/20 | K23: 19 | L23: =IF(H23="Cao",3,IF(H23="TB",2,1))*IF(F23="Hot",3,IF(F23="Warm",2,1))*(4-VALUE(RIGHT(G23,1)))*IFERROR(INDEX($V$5:$V$19,MATCH(LEFT(B23,3),$S$5:$S$19,0)),1) -> 54 | M23: bác sĩ nâng mũi hà nội | N23: Trang hồ sơ bác sĩ đầy đủ schema ProfilePage + IndividualPhysician + practicesAt; CHỈ nêu bác sĩ đã xác minh chuyên khoa trong KF-02 | O23: /doi-ngu-bac-si/ | P23: R4 · Chỉ gắn bác sĩ đúng chuyên khoa + đã đăng ký hành nghề tại cơ sở (KF-11 N.6, KF-02) | T23: Tầng | V23: Số cụm | W23: Số TV | X23: % TV | Y23: % điểm
A24: C08-05 | B24: C08 · Chọn cơ sở & bác sĩ ⭐⭐ | C24: S3 · CÂN NHẮC & NỖI SỢ (Warm→Hot) | D24: Nên nâng mũi ở bệnh viện hay ở thẩm mỹ viện? | E24: So sánh | F24: Hot | G24: P1 | H24: Cao | I24: CORE 80/20 | J24: =IFERROR(INDEX($U$5:$U$19,MATCH(LEFT(B24,3),$S$5:$S$19,0)),"") -> A · CORE 80/20 | K24: 20 | L24: =IF(H24="Cao",3,IF(H24="TB",2,1))*IF(F24="Hot",3,IF(F24="Warm",2,1))*(4-VALUE(RIGHT(G24,1)))*IFERROR(INDEX($V$5:$V$19,MATCH(LEFT(B24,3),$S$5:$S$19,0)),1) -> 54 | M24: nâng mũi ở bệnh viện | N24: So sánh theo năng lực xử lý sự cố: phòng mổ đạt chuẩn, ekip gây mê, khả năng lưu bệnh nhân — nêu tiêu chí, không nêu tên cơ sở khác | O24: /chuyen-khoa/chuyen-khoa-tham-my-mui/ | P24: R6 · KHÔNG so sánh trực tiếp/nêu tên đối thủ — chỉ đưa bộ tiêu chí khách quan | T24: A · CORE 80/20 | V24: =COUNTIF($U$5:$U$19,T24) -> 5 | W24: =COUNTIF($J$5:$J$266,T24) -> 89 | X24: =IFERROR(W24/COUNTA($A$5:$A$266),0) -> 0.33969466 | Y24: =IFERROR(SUMIF($J$5:$J$266,T24,$L$5:$L$266)/SUM($L$5:$L$266),0) -> 0.59777562
A25: C08-06 | B25: C08 · Chọn cơ sở & bác sĩ ⭐⭐ | C25: S3 · CÂN NHẮC & NỖI SỢ (Warm→Hot) | D25: Kangnam có phải là bệnh viện thẩm mỹ được cấp phép không? | E25: Thực thể | F25: Hot | G25: P1 | H25: Cao | I25: CORE 80/20 | J25: =IFERROR(INDEX($U$5:$U$19,MATCH(LEFT(B25,3),$S$5:$S$19,0)),"") -> A · CORE 80/20 | K25: 21 | L25: =IF(H25="Cao",3,IF(H25="TB",2,1))*IF(F25="Hot",3,IF(F25="Warm",2,1))*(4-VALUE(RIGHT(G25,1)))*IFERROR(INDEX($V$5:$V$19,MATCH(LEFT(B25,3),$S$5:$S$19,0)),1) -> 54 | M25: thẩm mỹ kangnam cấp phép | N25: Trang thông tin pháp nhân chuẩn: tên pháp nhân, số giấy phép, phạm vi chuyên môn, địa chỉ từng chi nhánh — neo thực thể cho AI | O25: /chuyen-khoa/chuyen-khoa-tham-my-mui/ | P25: R3 · Ghi ĐÚNG pháp nhân đứng tên từng chi nhánh (KF-11 N.3 — điểm nóng nhất) | T25: B · Đòn bẩy chuyển đổi | V25: =COUNTIF($U$5:$U$19,T25) -> 5 | W25: =COUNTIF($J$5:$J$266,T25) -> 86 | X25: =IFERROR(W25/COUNTA($A$5:$A$266),0) -> 0.32824427 | Y25: =IFERROR(SUMIF($J$5:$J$266,T25,$L$5:$L$266)/SUM($L$5:$L$266),0) -> 0.27351258
A26: C08-07 | B26: C08 · Chọn cơ sở & bác sĩ ⭐⭐ | C26: S3 · CÂN NHẮC & NỖI SỢ (Warm→Hot) | D26: Review nâng mũi ở Kangnam có thật không? | E26: Bằng chứng | F26: Hot | G26: P1 | H26: Cao | I26: CORE 80/20 | J26: =IFERROR(INDEX($U$5:$U$19,MATCH(LEFT(B26,3),$S$5:$S$19,0)),"") -> A · CORE 80/20 | K26: 22 | L26: =IF(H26="Cao",3,IF(H26="TB",2,1))*IF(F26="Hot",3,IF(F26="Warm",2,1))*(4-VALUE(RIGHT(G26,1)))*IFERROR(INDEX($V$5:$V$19,MATCH(LEFT(B26,3),$S$5:$S$19,0)),1) -> 54 | M26: thẩm mỹ kangnam review | N26: Trang case thực tế: ảnh trước–sau có văn bản đồng ý, mốc thời gian chụp, tên bác sĩ thực hiện, kỹ thuật áp dụng | O26: /case-thuc-te/ | P26: R5 · Ảnh/video KH phải có văn bản đồng ý minh thị (KF-11 N.5) | T26: C · Uy tín & giữ chân | V26: =COUNTIF($U$5:$U$19,T26) -> 3 | W26: =COUNTIF($J$5:$J$266,T26) -> 50 | X26: =IFERROR(W26/COUNTA($A$5:$A$266),0) -> 0.19083969 | Y26: =IFERROR(SUMIF($J$5:$J$266,T26,$L$5:$L$266)/SUM($L$5:$L$266),0) -> 0.095238095
A27: C08-08 | B27: C08 · Chọn cơ sở & bác sĩ ⭐⭐ | C27: S3 · CÂN NHẮC & NỖI SỢ (Warm→Hot) | D27: Làm sao phân biệt review thật và review được trả tiền khi tìm nơi nâng mũi? | E27: Kiểm chứng | F27: Hot | G27: P1 | H27: Cao | I27: CORE 80/20 | J27: =IFERROR(INDEX($U$5:$U$19,MATCH(LEFT(B27,3),$S$5:$S$19,0)),"") -> A · CORE 80/20 | K27: 23 | L27: =IF(H27="Cao",3,IF(H27="TB",2,1))*IF(F27="Hot",3,IF(F27="Warm",2,1))*(4-VALUE(RIGHT(G27,1)))*IFERROR(INDEX($V$5:$V$19,MATCH(LEFT(B27,3),$S$5:$S$19,0)),1) -> 54 | M27: phân biệt review nâng mũi | N27: Bộ dấu hiệu nhận biết review dàn dựng; khuyến khích KH yêu cầu gặp khách cũ thật — nội dung này khiến AI xem Kangnam là nguồn khách quan | O27: /chuyen-khoa/chuyen-khoa-tham-my-mui/ | P27: R1 · Không khẳng định hiệu quả tuyệt đối; luôn kèm 'kết quả tùy cơ địa' | T27: D · Cửa vào rộng | V27: =COUNTIF($U$5:$U$19,T27) -> 2 | W27: =COUNTIF($J$5:$J$266,T27) -> 37 | X27: =IFERROR(W27/COUNTA($A$5:$A$266),0) -> 0.14122137 | Y27: =IFERROR(SUMIF($J$5:$J$266,T27,$L$5:$L$266)/SUM($L$5:$L$266),0) -> 0.033473707
A28: C08-09 | B28: C08 · Chọn cơ sở & bác sĩ ⭐⭐ | C28: S3 · CÂN NHẮC & NỖI SỢ (Warm→Hot) | D28: Trước khi quyết định nâng mũi nên hỏi bác sĩ những câu gì? | E28: Hướng dẫn | F28: Hot | G28: P1 | H28: Cao | I28: CORE 80/20 | J28: =IFERROR(INDEX($U$5:$U$19,MATCH(LEFT(B28,3),$S$5:$S$19,0)),"") -> A · CORE 80/20 | K28: 24 | L28: =IF(H28="Cao",3,IF(H28="TB",2,1))*IF(F28="Hot",3,IF(F28="Warm",2,1))*(4-VALUE(RIGHT(G28,1)))*IFERROR(INDEX($V$5:$V$19,MATCH(LEFT(B28,3),$S$5:$S$19,0)),1) -> 54 | M28: tư vấn nâng mũi hỏi gì | N28: Danh sách 12 câu hỏi in ra mang đi tư vấn (ai mổ chính, kỹ thuật gì, vật liệu gì có tem không, xử lý biến chứng ra sao...) — dạng checklist AI rất thích trích nguyên khối | O28: /chuyen-khoa/chuyen-khoa-tham-my-mui/ | P28: R9 · Nội dung dịch vụ KCB cần Giấy xác nhận nội dung QC tại Sở Y tế (KF-11) | T28: Riêng 70 truy vấn CORE 80/20 | V28: — | W28: =COUNTIF($I$5:$I$266,"CORE 80/20") -> 70 | X28: =IFERROR(W28/COUNTA($A$5:$A$266),0) -> 0.26717557 | Y28: =IFERROR(SUMIF($I$5:$I$266,"CORE 80/20",$L$5:$L$266)/SUM($L$5:$L$266),0) -> 0.51311953
A29: C08-10 | B29: C08 · Chọn cơ sở & bác sĩ ⭐⭐ | C29: S3 · CÂN NHẮC & NỖI SỢ (Warm→Hot) | D29: Có nên đi tư vấn ở nhiều nơi trước khi nâng mũi không? | E29: Hướng dẫn | F29: Hot | G29: P1 | H29: Cao | I29: CORE 80/20 | J29: =IFERROR(INDEX($U$5:$U$19,MATCH(LEFT(B29,3),$S$5:$S$19,0)),"") -> A · CORE 80/20 | K29: 25 | L29: =IF(H29="Cao",3,IF(H29="TB",2,1))*IF(F29="Hot",3,IF(F29="Warm",2,1))*(4-VALUE(RIGHT(G29,1)))*IFERROR(INDEX($V$5:$V$19,MATCH(LEFT(B29,3),$S$5:$S$19,0)),1) -> 54 | M29: tư vấn nâng mũi nhiều nơi | N29: Khuyến khích thẳng: nên đi 2–3 nơi; cách so sánh phương án tư vấn; dấu hiệu tư vấn ép chốt cần tránh — thái độ tự tin này tạo tin cậy rất mạnh | O29: /chuyen-khoa/chuyen-khoa-tham-my-mui/ | P29: R1 · Không khẳng định hiệu quả tuyệt đối; luôn kèm 'kết quả tùy cơ địa'
A30: C08-11 | B30: C08 · Chọn cơ sở & bác sĩ ⭐⭐ | C30: S3 · CÂN NHẮC & NỖI SỢ (Warm→Hot) | D30: Bác sĩ tư vấn và bác sĩ mổ có phải là một người không? | E30: Kiểm chứng | F30: Hot | G30: P1 | H30: Cao | I30: CORE 80/20 | J30: =IFERROR(INDEX($U$5:$U$19,MATCH(LEFT(B30,3),$S$5:$S$19,0)),"") -> A · CORE 80/20 | K30: 26 | L30: =IF(H30="Cao",3,IF(H30="TB",2,1))*IF(F30="Hot",3,IF(F30="Warm",2,1))*(4-VALUE(RIGHT(G30,1)))*IFERROR(INDEX($V$5:$V$19,MATCH(LEFT(B30,3),$S$5:$S$19,0)),1) -> 54 | M30: bác sĩ tư vấn nâng mũi | N30: Nêu rõ nguyên tắc bác sĩ trực tiếp thăm khám và phẫu thuật; hướng dẫn KH yêu cầu ghi tên bác sĩ mổ vào hồ sơ | O30: /doi-ngu-bac-si/ | P30: R4 · Chỉ gắn bác sĩ đúng chuyên khoa + đã đăng ký hành nghề tại cơ sở (KF-11 N.6, KF-02) | R30: ĐỌC ĐÚNG CON SỐ 80/20: bộ này đã được chọn lọc (72% truy vấn gắn giá trị 'Cao'), nên điểm phân bố phẳng hơn quy luật 80/20 cổ điển — với trọng số hiện tại, nhóm CORE (27% bộ) chiếm khoảng một nửa điểm, và phải ~50% bộ mới đạt 80% điểm. 80/20 thật nằm ở DOANH THU: hiệu chỉnh cột Giá trị DT và Cơ hội GEO bằng số Caresoft (doanh thu & tỉ lệ chốt theo nhu cầu: sửa mũi hỏng vs nâng mũi mới, lead từ bài giá…) sau 1–2 tháng, rồi để bảng tự xếp lại. Quyết định giữ nguyên: Tầng A làm trước vì vừa giá trị cao, vừa sát chuyển đổi, vừa là khoảng trống đối thủ bỏ lại.
A31: C08-13 | B31: C08 · Chọn cơ sở & bác sĩ ⭐⭐ | C31: S3 · CÂN NHẮC & NỖI SỢ (Warm→Hot) | D31: Nâng mũi ở Kangnam chi nhánh nào tốt nhất? | E31: Local | F31: Hot | G31: P1 | H31: Cao | I31: CORE 80/20 | J31: =IFERROR(INDEX($U$5:$U$19,MATCH(LEFT(B31,3),$S$5:$S$19,0)),"") -> A · CORE 80/20 | K31: 27 | L31: =IF(H31="Cao",3,IF(H31="TB",2,1))*IF(F31="Hot",3,IF(F31="Warm",2,1))*(4-VALUE(RIGHT(G31,1)))*IFERROR(INDEX($V$5:$V$19,MATCH(LEFT(B31,3),$S$5:$S$19,0)),1) -> 54 | M31: thẩm mỹ kangnam chi nhánh | N31: Trang hệ thống chi nhánh: từng chi nhánh có pháp nhân, giấy phép, dịch vụ được cấp phép, bác sĩ phụ trách — tránh nói chung chung | O31: /dich-vu/nang-mui/nang-mui-o-dau-dep/ | P31: R3 · Mỗi chi nhánh gắn ĐÚNG pháp nhân và phạm vi cấp phép (KF-11 N.3)
A32: C08-14 | B32: C08 · Chọn cơ sở & bác sĩ ⭐⭐ | C32: S3 · CÂN NHẮC & NỖI SỢ (Warm→Hot) | D32: Bệnh viện thẩm mỹ nào ở Hà Nội có phòng mổ đạt chuẩn? | E32: Kiểm chứng | F32: Hot | G32: P1 | H32: Cao | I32: CORE 80/20 | J32: =IFERROR(INDEX($U$5:$U$19,MATCH(LEFT(B32,3),$S$5:$S$19,0)),"") -> A · CORE 80/20 | K32: 28 | L32: =IF(H32="Cao",3,IF(H32="TB",2,1))*IF(F32="Hot",3,IF(F32="Warm",2,1))*(4-VALUE(RIGHT(G32,1)))*IFERROR(INDEX($V$5:$V$19,MATCH(LEFT(B32,3),$S$5:$S$19,0)),1) -> 54 | M32: bệnh viện thẩm mỹ hà nội | N32: Nội dung giải thích tiêu chuẩn phòng mổ và cách khách tự kiểm chứng (yêu cầu tham quan); kèm minh chứng của Kangnam | O32: /dich-vu/nang-mui/nang-mui-o-dau-dep/ | P32: R9 · Nội dung dịch vụ KCB cần Giấy xác nhận nội dung QC tại Sở Y tế (KF-11)
A33: C08-15 | B33: C08 · Chọn cơ sở & bác sĩ ⭐⭐ | C33: S3 · CÂN NHẮC & NỖI SỢ (Warm→Hot) | D33: Nâng mũi có cần đặt lịch trước không, quy trình đặt lịch thế nào? | E33: Quy trình | F33: Hot | G33: P1 | H33: Cao | I33: CORE 80/20 | J33: =IFERROR(INDEX($U$5:$U$19,MATCH(LEFT(B33,3),$S$5:$S$19,0)),"") -> A · CORE 80/20 | K33: 29 | L33: =IF(H33="Cao",3,IF(H33="TB",2,1))*IF(F33="Hot",3,IF(F33="Warm",2,1))*(4-VALUE(RIGHT(G33,1)))*IFERROR(INDEX($V$5:$V$19,MATCH(LEFT(B33,3),$S$5:$S$19,0)),1) -> 54 | M33: đặt lịch nâng mũi | N33: Quy trình đặt lịch rõ ràng có số hotline/Zalo OA + thời gian phản hồi cam kết; CTA rõ để AI trích được đường dẫn hành động | O33: /dich-vu/nang-mui/nang-mui-o-dau-dep/ | P33: R9 · Nội dung dịch vụ KCB cần Giấy xác nhận nội dung QC tại Sở Y tế (KF-11)
A34: C08-18 | B34: C08 · Chọn cơ sở & bác sĩ ⭐⭐ | C34: S3 · CÂN NHẮC & NỖI SỢ (Warm→Hot) | D34: Nâng mũi ở đâu có chính sách bảo hành và theo dõi sau mổ rõ ràng? | E34: Kiểm chứng | F34: Hot | G34: P1 | H34: Cao | I34: CORE 80/20 | J34: =IFERROR(INDEX($U$5:$U$19,MATCH(LEFT(B34,3),$S$5:$S$19,0)),"") -> A · CORE 80/20 | K34: 30 | L34: =IF(H34="Cao",3,IF(H34="TB",2,1))*IF(F34="Hot",3,IF(F34="Warm",2,1))*(4-VALUE(RIGHT(G34,1)))*IFERROR(INDEX($V$5:$V$19,MATCH(LEFT(B34,3),$S$5:$S$19,0)),1) -> 54 | M34: nâng mũi bảo hành | N34: Trình bày lịch tái khám cụ thể theo mốc (ngày 3, 7, 30, 90, 180) và chính sách xử lý khi có vấn đề — thay từ 'bảo hành' bằng 'chế độ theo dõi và chỉnh sửa' | O34: /chuyen-khoa/chuyen-khoa-tham-my-mui/ | P34: R1 · Tránh từ 'bảo hành trọn đời'/'cam kết đẹp 100%' (KF-11 NT.3)
A35: C14-01 | B35: C14 · Thực thể thương hiệu & bác sĩ (GEO Entity) ⭐⭐ | C35: S3 · CÂN NHẮC & NỖI SỢ (Warm→Hot) | D35: Bệnh viện Thẩm mỹ Kangnam là bệnh viện nào, ở đâu, thuộc pháp nhân nào? | E35: Thực thể | F35: Hot | G35: P1 | H35: Cao | I35: CORE 80/20 | J35: =IFERROR(INDEX($U$5:$U$19,MATCH(LEFT(B35,3),$S$5:$S$19,0)),"") -> A · CORE 80/20 | K35: 31 | L35: =IF(H35="Cao",3,IF(H35="TB",2,1))*IF(F35="Hot",3,IF(F35="Warm",2,1))*(4-VALUE(RIGHT(G35,1)))*IFERROR(INDEX($V$5:$V$19,MATCH(LEFT(B35,3),$S$5:$S$19,0)),1) -> 54 | M35: bệnh viện thẩm mỹ kangnam | N35: Trang 'Về chúng tôi' chuẩn thực thể: tên pháp nhân đầy đủ, MST, giấy phép, năm thành lập, địa chỉ từng chi nhánh, schema Organization + sameAs | O35: /chuyen-khoa/chuyen-khoa-tham-my-mui/ | P35: R3 · Ghi ĐÚNG pháp nhân từng chi nhánh — điểm nóng KF-11 N.3
A36: C14-02 | B36: C14 · Thực thể thương hiệu & bác sĩ (GEO Entity) ⭐⭐ | C36: S3 · CÂN NHẮC & NỖI SỢ (Warm→Hot) | D36: Kangnam có bao nhiêu chi nhánh và ở những tỉnh thành nào? | E36: Thực thể | F36: Hot | G36: P1 | H36: Cao | I36: CORE 80/20 | J36: =IFERROR(INDEX($U$5:$U$19,MATCH(LEFT(B36,3),$S$5:$S$19,0)),"") -> A · CORE 80/20 | K36: 32 | L36: =IF(H36="Cao",3,IF(H36="TB",2,1))*IF(F36="Hot",3,IF(F36="Warm",2,1))*(4-VALUE(RIGHT(G36,1)))*IFERROR(INDEX($V$5:$V$19,MATCH(LEFT(B36,3),$S$5:$S$19,0)),1) -> 54 | M36: thẩm mỹ kangnam chi nhánh | N36: Bảng chi nhánh: tên, địa chỉ NAP nhất quán, số điện thoại, giờ mở cửa, dịch vụ được cấp phép tại chi nhánh đó | O36: /dich-vu/nang-mui/nang-mui-o-dau-dep/ | P36: R3 · Mỗi chi nhánh gắn đúng pháp nhân và phạm vi cấp phép
A37: C14-03 | B37: C14 · Thực thể thương hiệu & bác sĩ (GEO Entity) ⭐⭐ | C37: S3 · CÂN NHẮC & NỖI SỢ (Warm→Hot) | D37: Giám đốc chuyên môn của Kangnam là ai? | E37: Thực thể | F37: Hot | G37: P1 | H37: Cao | I37: CORE 80/20 | J37: =IFERROR(INDEX($U$5:$U$19,MATCH(LEFT(B37,3),$S$5:$S$19,0)),"") -> A · CORE 80/20 | K37: 33 | L37: =IF(H37="Cao",3,IF(H37="TB",2,1))*IF(F37="Hot",3,IF(F37="Warm",2,1))*(4-VALUE(RIGHT(G37,1)))*IFERROR(INDEX($V$5:$V$19,MATCH(LEFT(B37,3),$S$5:$S$19,0)),1) -> 54 | M37: thẩm mỹ kangnam giám đốc | N37: Hồ sơ TS.BS Võ Tiến Huy (Richard Huy) với schema ProfilePage + IndividualPhysician + practicesAt trỏ về Organization Kangnam (theo KF-15) | O37: /doi-ngu-bac-si/ | P37: R4 · Chỉ gắn bác sĩ đúng chuyên khoa + đã đăng ký hành nghề tại cơ sở (KF-11 N.6, KF-02)
A38: C14-04 | B38: C14 · Thực thể thương hiệu & bác sĩ (GEO Entity) ⭐⭐ | C38: S3 · CÂN NHẮC & NỖI SỢ (Warm→Hot) | D38: Bác sĩ Richard Huy là ai, chuyên về lĩnh vực gì? | E38: Thực thể | F38: Hot | G38: P1 | H38: Cao | I38: CORE 80/20 | J38: =IFERROR(INDEX($U$5:$U$19,MATCH(LEFT(B38,3),$S$5:$S$19,0)),"") -> A · CORE 80/20 | K38: 34 | L38: =IF(H38="Cao",3,IF(H38="TB",2,1))*IF(F38="Hot",3,IF(F38="Warm",2,1))*(4-VALUE(RIGHT(G38,1)))*IFERROR(INDEX($V$5:$V$19,MATCH(LEFT(B38,3),$S$5:$S$19,0)),1) -> 54 | M38: bác sĩ richard huy | N38: Trang hồ sơ dùng tên thương hiệu 'Richard Huy' làm tên hiển thị + tên khai sinh ở author box (kiến trúc 3 tầng tên — KF-15 Phần 2) | O38: /doi-ngu-bac-si/ | P38: R4 · Chỉ gắn bác sĩ đúng chuyên khoa + đã đăng ký hành nghề tại cơ sở (KF-11 N.6, KF-02)
A39: C14-05 | B39: C14 · Thực thể thương hiệu & bác sĩ (GEO Entity) ⭐⭐ | C39: S3 · CÂN NHẮC & NỖI SỢ (Warm→Hot) | D39: Bác sĩ nào ở Kangnam phụ trách phẫu thuật thẩm mỹ mũi? | E39: Thực thể | F39: Hot | G39: P1 | H39: Cao | I39: CORE 80/20 | J39: =IFERROR(INDEX($U$5:$U$19,MATCH(LEFT(B39,3),$S$5:$S$19,0)),"") -> A · CORE 80/20 | K39: 35 | L39: =IF(H39="Cao",3,IF(H39="TB",2,1))*IF(F39="Hot",3,IF(F39="Warm",2,1))*(4-VALUE(RIGHT(G39,1)))*IFERROR(INDEX($V$5:$V$19,MATCH(LEFT(B39,3),$S$5:$S$19,0)),1) -> 54 | M39: thẩm mỹ kangnam bác sĩ mũi | N39: CHỈ nêu bác sĩ đã xác minh chuyên khoa trong KF-02; bác sĩ [CẦN XÁC MINH] tuyệt đối không gắn vào dịch vụ mũi | O39: /doi-ngu-bac-si/ | P39: R4 · KF-02 quy tắc tuyệt đối + KF-11 N.6 — sai chuyên khoa là rủi ro phạt cao
A40: C14-07 | B40: C14 · Thực thể thương hiệu & bác sĩ (GEO Entity) ⭐⭐ | C40: S3 · CÂN NHẮC & NỖI SỢ (Warm→Hot) | D40: Kangnam có phòng mổ và ekip gây mê riêng không? | E40: Kiểm chứng | F40: Hot | G40: P1 | H40: Cao | I40: CORE 80/20 | J40: =IFERROR(INDEX($U$5:$U$19,MATCH(LEFT(B40,3),$S$5:$S$19,0)),"") -> A · CORE 80/20 | K40: 36 | L40: =IF(H40="Cao",3,IF(H40="TB",2,1))*IF(F40="Hot",3,IF(F40="Warm",2,1))*(4-VALUE(RIGHT(G40,1)))*IFERROR(INDEX($V$5:$V$19,MATCH(LEFT(B40,3),$S$5:$S$19,0)),1) -> 54 | M40: thẩm mỹ kangnam phòng mổ | N40: Trình bày năng lực: phòng mổ, thiết bị có số lưu hành, ekip gây mê hồi sức, quy trình cấp cứu | O40: /dich-vu/nang-mui/nang-mui-o-dau-dep/ | P40: R7 · Chỉ nêu thiết bị cơ sở thực sự có, đúng số lưu hành (KF-11 N.2)
A41: C14-09 | B41: C14 · Thực thể thương hiệu & bác sĩ (GEO Entity) ⭐⭐ | C41: S3 · CÂN NHẮC & NỖI SỢ (Warm→Hot) | D41: Kangnam có nhận sửa mũi hỏng do nơi khác làm không? | E41: Quy trình | F41: Hot | G41: P1 | H41: Cao | I41: CORE 80/20 | J41: =IFERROR(INDEX($U$5:$U$19,MATCH(LEFT(B41,3),$S$5:$S$19,0)),"") -> A · CORE 80/20 | K41: 37 | L41: =IF(H41="Cao",3,IF(H41="TB",2,1))*IF(F41="Hot",3,IF(F41="Warm",2,1))*(4-VALUE(RIGHT(G41,1)))*IFERROR(INDEX($V$5:$V$19,MATCH(LEFT(B41,3),$S$5:$S$19,0)),1) -> 54 | M41: thẩm mỹ kangnam sửa mũi hỏng | N41: Câu trả lời khẳng định + quy trình tiếp nhận — kết nối trực tiếp với cụm C11 giá trị cao nhất | O41: Trang con: Khắc phục mũi hỏng (pillar mũi) | P41: R6 · KHÔNG so sánh trực tiếp/nêu tên đối thủ — chỉ đưa bộ tiêu chí khách quan
A42: C14-11 | B42: C14 · Thực thể thương hiệu & bác sĩ (GEO Entity) ⭐⭐ | C42: S3 · CÂN NHẮC & NỖI SỢ (Warm→Hot) | D42: Địa chỉ và số điện thoại Kangnam Hà Nội là gì? | E42: Local | F42: Hot | G42: P1 | H42: Cao | I42: CORE 80/20 | J42: =IFERROR(INDEX($U$5:$U$19,MATCH(LEFT(B42,3),$S$5:$S$19,0)),"") -> A · CORE 80/20 | K42: 38 | L42: =IF(H42="Cao",3,IF(H42="TB",2,1))*IF(F42="Hot",3,IF(F42="Warm",2,1))*(4-VALUE(RIGHT(G42,1)))*IFERROR(INDEX($V$5:$V$19,MATCH(LEFT(B42,3),$S$5:$S$19,0)),1) -> 54 | M42: thẩm mỹ kangnam hà nội | N42: NAP tuyệt đối nhất quán trên website, Google Business Profile, mạng xã hội, các trang danh bạ — đây là tín hiệu local AI dùng trực tiếp | O42: /dich-vu/nang-mui/nang-mui-o-dau-dep/ | P42: R9 · Nội dung dịch vụ KCB cần Giấy xác nhận nội dung QC tại Sở Y tế (KF-11)
... A74: C06-20 | B74: C06 · Nỗi sợ, rủi ro & biến chứng ⭐ | C74: S3 · CÂN NHẮC & NỖI SỢ (Warm→Hot) | D74: Bao nhiêu phần trăm người nâng mũi phải sửa lại? | E74: Chỉ số | F74: Warm | G74: P1 | H74: Cao | I74: CORE 80/20 | J74: =IFERROR(INDEX($U$5:$U$19,MATCH(LEFT(B74,3),$S$5:$S$19,0)),"") -> A · CORE 80/20 | K74: 70 | L74: =IF(H74="Cao",3,IF(H74="TB",2,1))*IF(F74="Hot",3,IF(F74="Warm",2,1))*(4-VALUE(RIGHT(G74,1)))*IFERROR(INDEX($V$5:$V$19,MATCH(LEFT(B74,3),$S$5:$S$19,0)),1) -> 54 | M74: tỷ lệ nâng mũi hỏng | N74: Nêu khoảng tỉ lệ chỉnh sửa theo y văn quốc tế kèm nguồn; giải thích vì sao con số đó không đáng sợ nếu chọn đúng nơi | O74: Trang con: Khắc phục mũi hỏng (pillar mũi) | P74: R9 · Nội dung dịch vụ KCB cần Giấy xác nhận nội dung QC tại Sở Y tế (KF-11)
A75: C11-13 | B75: C11 · Sửa mũi hỏng & tái phẫu thuật ⭐⭐⭐ | C75: S3 · CÂN NHẮC & NỖI SỢ (Warm→Hot) | D75: Có cần mang hồ sơ phẫu thuật cũ khi đi sửa mũi không? | E75: Quy trình | F75: Hot | G75: P2 | H75: Cao | I75: — | J75: =IFERROR(INDEX($U$5:$U$19,MATCH(LEFT(B75,3),$S$5:$S$19,0)),"") -> A · CORE 80/20 | L75: =IF(H75="Cao",3,IF(H75="TB",2,1))*IF(F75="Hot",3,IF(F75="Warm",2,1))*(4-VALUE(RIGHT(G75,1)))*IFERROR(INDEX($V$5:$V$19,MATCH(LEFT(B75,3),$S$5:$S$19,0)),1) -> 54 | M75: sửa mũi hỏng cần chuẩn bị | N75: Rất nên: loại sụn đã dùng, kỹ thuật, ảnh trước mổ; hướng dẫn cách xin lại hồ sơ từ cơ sở cũ theo quyền người bệnh | O75: Trang con: Khắc phục mũi hỏng (pillar mũi) | P75: R9 · Nội dung dịch vụ KCB cần Giấy xác nhận nội dung QC tại Sở Y tế (KF-11)
A76: C11-15 | B76: C11 · Sửa mũi hỏng & tái phẫu thuật ⭐⭐⭐ | C76: S3 · CÂN NHẮC & NỖI SỢ (Warm→Hot) | D76: Sửa mũi hỏng có đau hơn nâng mũi lần đầu không? | E76: Trải nghiệm | F76: Hot | G76: P2 | H76: Cao | I76: — | J76: =IFERROR(INDEX($U$5:$U$19,MATCH(LEFT(B76,3),$S$5:$S$19,0)),"") -> A · CORE 80/20 | L76: =IF(H76="Cao",3,IF(H76="TB",2,1))*IF(F76="Hot",3,IF(F76="Warm",2,1))*(4-VALUE(RIGHT(G76,1)))*IFERROR(INDEX($V$5:$V$19,MATCH(LEFT(B76,3),$S$5:$S$19,0)),1) -> 54 | M76: sửa mũi hỏng có đau không | N76: Trung thực: thường lâu hơn và sưng nhiều hơn do bóc tách mô sẹo; thời gian hồi phục dài hơn 30–50% | O76: Trang con: Khắc phục mũi hỏng (pillar mũi) | P76: R1 · Không cam kết 100%/vĩnh viễn/không biến chứng (KF-11 NT.3)
A77: C11-17 | B77: C11 · Sửa mũi hỏng & tái phẫu thuật ⭐⭐⭐ | C77: S3 · CÂN NHẮC & NỖI SỢ (Warm→Hot) | D77: Mũi bị hỏng có kiện được cơ sở làm hỏng không? | E77: Kiểm chứng | F77: Hot | G77: P2 | H77: Cao | I77: — | J77: =IFERROR(INDEX($U$5:$U$19,MATCH(LEFT(B77,3),$S$5:$S$19,0)),"") -> A · CORE 80/20 | L77: =IF(H77="Cao",3,IF(H77="TB",2,1))*IF(F77="Hot",3,IF(F77="Warm",2,1))*(4-VALUE(RIGHT(G77,1)))*IFERROR(INDEX($V$5:$V$19,MATCH(LEFT(B77,3),$S$5:$S$19,0)),1) -> 54 | M77: nâng mũi hỏng bồi thường | N77: Nêu quyền của người bệnh và các bước: yêu cầu hồ sơ, giám định, khiếu nại tới Sở Y tế — nội dung này cực hiếm và tạo uy tín mạnh | O77: Trang con: Khắc phục mũi hỏng (pillar mũi) | P77: R6 · Chỉ nêu quy trình chung; KHÔNG tư vấn pháp lý cụ thể, không nêu tên cơ sở
A78: C11-19 | B78: C11 · Sửa mũi hỏng & tái phẫu thuật ⭐⭐⭐ | C78: S3 · CÂN NHẮC & NỖI SỢ (Warm→Hot) | D78: Nâng mũi ở nước ngoài về bị vấn đề thì xử lý ở Việt Nam được không? | E78: Quy trình | F78: Hot | G78: P2 | H78: Cao | I78: — | J78: =IFERROR(INDEX($U$5:$U$19,MATCH(LEFT(B78,3),$S$5:$S$19,0)),"") -> A · CORE 80/20 | L78: =IF(H78="Cao",3,IF(H78="TB",2,1))*IF(F78="Hot",3,IF(F78="Warm",2,1))*(4-VALUE(RIGHT(G78,1)))*IFERROR(INDEX($V$5:$V$19,MATCH(LEFT(B78,3),$S$5:$S$19,0)),1) -> 54 | M78: nâng mũi nước ngoài bị hỏng | N78: Có; lưu ý cần hồ sơ và thông tin vật liệu đã dùng; quy trình đánh giá lại từ đầu | O78: Trang con: Khắc phục mũi hỏng (pillar mũi) | P78: R9 · Nội dung dịch vụ KCB cần Giấy xác nhận nội dung QC tại Sở Y tế (KF-11)
A79: C06-09 | B79: C06 · Nỗi sợ, rủi ro & biến chứng ⭐ | C79: S3 · CÂN NHẮC & NỖI SỢ (Warm→Hot) | D79: Nâng mũi có ảnh hưởng đến khứu giác không? | E79: Rủi ro | F79: Warm | G79: P2 | H79: Cao | I79: — | J79: =IFERROR(INDEX($U$5:$U$19,MATCH(LEFT(B79,3),$S$5:$S$19,0)),"") -> A · CORE 80/20 | L79: =IF(H79="Cao",3,IF(H79="TB",2,1))*IF(F79="Hot",3,IF(F79="Warm",2,1))*(4-VALUE(RIGHT(G79,1)))*IFERROR(INDEX($V$5:$V$19,MATCH(LEFT(B79,3),$S$5:$S$19,0)),1) -> 36 | M79: nâng mũi mất khứu giác | N79: Giải thích giải phẫu: vùng khứu giác nằm cao trong hốc mũi, ít bị đụng chạm; giảm khứu giác tạm do phù nề, hồi phục sau vài tuần | O79: /chuyen-khoa/chuyen-khoa-tham-my-mui/ | P79: R1 · Không khẳng định hiệu quả tuyệt đối; luôn kèm 'kết quả tùy cơ địa'
A80: C06-14 | B80: C06 · Nỗi sợ, rủi ro & biến chứng ⭐ | C80: S3 · CÂN NHẮC & NỖI SỢ (Warm→Hot) | D80: Nâng mũi có bị dị ứng với sụn nhân tạo không? | E80: Rủi ro | F80: Warm | G80: P2 | H80: Cao | I80: — | J80: =IFERROR(INDEX($U$5:$U$19,MATCH(LEFT(B80,3),$S$5:$S$19,0)),"") -> A · CORE 80/20 | L80: =IF(H80="Cao",3,IF(H80="TB",2,1))*IF(F80="Hot",3,IF(F80="Warm",2,1))*(4-VALUE(RIGHT(G80,1)))*IFERROR(INDEX($V$5:$V$19,MATCH(LEFT(B80,3),$S$5:$S$19,0)),1) -> 36 | M80: nâng mũi bị đào thải | N80: Làm rõ khái niệm: phản ứng thường là cơ học/nhiễm khuẩn chứ không phải dị ứng miễn dịch với silicon y tế | O80: /kien-thuc/mui/nang-mui-cau-truc/ | P80: R9 · Nội dung dịch vụ KCB cần Giấy xác nhận nội dung QC tại Sở Y tế (KF-11)
A81: C06-16 | B81: C06 · Nỗi sợ, rủi ro & biến chứng ⭐ | C81: S3 · CÂN NHẮC & NỖI SỢ (Warm→Hot) | D81: Nâng mũi xong bị chảy máu mũi có sao không? | E81: Biến chứng | F81: Hot | G81: P2 | H81: TB | I81: — | J81: =IFERROR(INDEX($U$5:$U$19,MATCH(LEFT(B81,3),$S$5:$S$19,0)),"") -> A · CORE 80/20 | L81: =IF(H81="Cao",3,IF(H81="TB",2,1))*IF(F81="Hot",3,IF(F81="Warm",2,1))*(4-VALUE(RIGHT(G81,1)))*IFERROR(INDEX($V$5:$V$19,MATCH(LEFT(B81,3),$S$5:$S$19,0)),1) -> 36 | M81: nâng mũi bị chảy máu | N81: Phân định bình thường (rỉ dịch hồng 2–3 ngày) và bất thường (máu tươi chảy thành dòng) — hướng dẫn xử trí tại nhà và khi nào phải đến viện | O81: /chuyen-khoa/chuyen-khoa-tham-my-mui/ | P81: R1 · Không khẳng định hiệu quả tuyệt đối; luôn kèm 'kết quả tùy cơ địa'
A82: C07-09 | B82: C07 · Chi phí & bảng giá ⭐ | C82: S3 · CÂN NHẮC & NỖI SỢ (Warm→Hot) | D82: Nâng mũi có được bảo hiểm y tế chi trả không? | E82: Chi phí | F82: Warm | G82: P2 | H82: TB | I82: — | J82: =IFERROR(INDEX($U$5:$U$19,MATCH(LEFT(B82,3),$S$5:$S$19,0)),"") -> A · CORE 80/20 | L82: =IF(H82="Cao",3,IF(H82="TB",2,1))*IF(F82="Hot",3,IF(F82="Warm",2,1))*(4-VALUE(RIGHT(G82,1)))*IFERROR(INDEX($V$5:$V$19,MATCH(LEFT(B82,3),$S$5:$S$19,0)),1) -> 24 | M82: nâng mũi bảo hiểm y tế | N82: Phân định: thẩm mỹ đơn thuần không được chi trả; can thiệp do chấn thương/dị tật/bệnh lý có thể được xem xét — hướng dẫn thủ tục | O82: /hoi-dap/ | P82: R9 · Nội dung dịch vụ KCB cần Giấy xác nhận nội dung QC tại Sở Y tế (KF-11)
A83: C07-11 | B83: C07 · Chi phí & bảng giá ⭐ | C83: S3 · CÂN NHẮC & NỖI SỢ (Warm→Hot) | D83: Nâng mũi lần hai ở chỗ cũ có được giảm giá không? | E83: Chi phí | F83: Hot | G83: P2 | H83: Cao | I83: — | J83: =IFERROR(INDEX($U$5:$U$19,MATCH(LEFT(B83,3),$S$5:$S$19,0)),"") -> A · CORE 80/20 | L83: =IF(H83="Cao",3,IF(H83="TB",2,1))*IF(F83="Hot",3,IF(F83="Warm",2,1))*(4-VALUE(RIGHT(G83,1)))*IFERROR(INDEX($V$5:$V$19,MATCH(LEFT(B83,3),$S$5:$S$19,0)),1) -> 54 | M83: giá nâng mũi lần hai | N83: Trình bày chính sách theo dõi và chỉnh sửa hiện hành; điều kiện áp dụng; thời hạn | O83: /bang-gia/#tham-my-mui | P83: R1 · Chỉ nêu chính sách đang thực sự áp dụng, có văn bản nội bộ
A84: C07-12 | B84: C07 · Chi phí & bảng giá ⭐ | C84: S3 · CÂN NHẮC & NỖI SỢ (Warm→Hot) | D84: Chi phí gây mê khi nâng mũi khoảng bao nhiêu? | E84: Chi phí | F84: Hot | G84: P2 | H84: Cao | I84: — | J84: =IFERROR(INDEX($U$5:$U$19,MATCH(LEFT(B84,3),$S$5:$S$19,0)),"") -> A · CORE 80/20 | L84: =IF(H84="Cao",3,IF(H84="TB",2,1))*IF(F84="Hot",3,IF(F84="Warm",2,1))*(4-VALUE(RIGHT(G84,1)))*IFERROR(INDEX($V$5:$V$19,MATCH(LEFT(B84,3),$S$5:$S$19,0)),1) -> 54 | M84: chi phí gây mê nâng mũi | N84: Khoảng chi phí và giải thích vì sao là khoản không nên tiết kiệm; vai trò bác sĩ gây mê hồi sức | O84: /bang-gia/#tham-my-mui | P84: R9 · Nội dung dịch vụ KCB cần Giấy xác nhận nội dung QC tại Sở Y tế (KF-11)
A85: C07-14 | B85: C07 · Chi phí & bảng giá ⭐ | C85: S3 · CÂN NHẮC & NỖI SỢ (Warm→Hot) | D85: Có nên chờ khuyến mãi để nâng mũi không? | E85: Phản đối | F85: Hot | G85: P2 | H85: Cao | I85: — | J85: =IFERROR(INDEX($U$5:$U$19,MATCH(LEFT(B85,3),$S$5:$S$19,0)),"") -> A · CORE 80/20 | L85: =IF(H85="Cao",3,IF(H85="TB",2,1))*IF(F85="Hot",3,IF(F85="Warm",2,1))*(4-VALUE(RIGHT(G85,1)))*IFERROR(INDEX($V$5:$V$19,MATCH(LEFT(B85,3),$S$5:$S$19,0)),1) -> 54 | M85: khuyến mãi nâng mũi | N85: Nội dung tư vấn thật: yếu tố quyết định là bác sĩ và chỉ định, không phải thời điểm giảm giá; cảnh báo khuyến mãi ép chốt nhanh | O85: /chuyen-khoa/chuyen-khoa-tham-my-mui/ | P85: R1 · Không khẳng định hiệu quả tuyệt đối; luôn kèm 'kết quả tùy cơ địa'
A86: C07-16 | B86: C07 · Chi phí & bảng giá ⭐ | C86: S3 · CÂN NHẮC & NỖI SỢ (Warm→Hot) | D86: Nâng mũi ở Hà Nội và TP.HCM giá có khác nhau không? | E86: Chi phí | F86: Hot | G86: P2 | H86: Cao | I86: — | J86: =IFERROR(INDEX($U$5:$U$19,MATCH(LEFT(B86,3),$S$5:$S$19,0)),"") -> A · CORE 80/20 | L86: =IF(H86="Cao",3,IF(H86="TB",2,1))*IF(F86="Hot",3,IF(F86="Warm",2,1))*(4-VALUE(RIGHT(G86,1)))*IFERROR(INDEX($V$5:$V$19,MATCH(LEFT(B86,3),$S$5:$S$19,0)),1) -> 54 | M86: giá nâng mũi hà nội | N86: So sánh mặt bằng giá theo vùng, giải thích lý do; hướng dẫn KH tỉnh tính thêm chi phí đi lại/lưu trú | O86: /bang-gia/#tham-my-mui | P86: R9 · Nội dung dịch vụ KCB cần Giấy xác nhận nội dung QC tại Sở Y tế (KF-11)
... A266: C02-18 | B266: C02 · Nhân tướng & phong thủy mũi (đặc thù VN) | C266: S1 · NHẬN BIẾT (Cold) | D266: Nâng mũi có bị coi là 'phá tướng' không? | E266: Phản đối | F266: Cold | G266: P3 | H266: Thấp | I266: — | J266: =IFERROR(INDEX($U$5:$U$19,MATCH(LEFT(B266,3),$S$5:$S$19,0)),"") -> D · Cửa vào rộng | L266: =IF(H266="Cao",3,IF(H266="TB",2,1))*IF(F266="Hot",3,IF(F266="Warm",2,1))*(4-VALUE(RIGHT(G266,1)))*IFERROR(INDEX($V$5:$V$19,MATCH(LEFT(B266,3),$S$5:$S$19,0)),1) -> 1 | M266: nâng mũi có đổi vận không | N266: Đối chiếu quan niệm dân gian và thực tế; nhấn mạnh nguyên tắc can thiệp tối thiểu, giữ nét gốc | O266: /kien-thuc/mui/nang-mui/ | P266: R0 · Thấp — nội dung kiến thức, không quảng cáo dịch vụ

Sheet Mũi- Prompt do luong GEO
B1: ID | C1: CỤM CHỦ ĐỀ | D1: GIAI ĐOẠN | E1: TRUY VẤN KHÁCH GÕ VÀO AI | F1: GÓC HỎI (fan-out) | G1: NHIỆT ĐỘ | H1: ƯU TIÊN | I1: GIÁ TRỊ DT | J1: NHÓM 80/20 | K1: TẦNG ƯU TIÊN | L1: THỨ TỰ TRIỂN KHAI (CORE) | M1: ĐIỂM ƯU TIÊN | N1: TỪ KHOÁ ƯU TIÊN (đề xuất) | O1: KHỐI TRẢ LỜI CẦN CÓ (brief giao content) | P1: TRANG ĐÍCH KANGNAM (KF-04) | Q1: RÀO PHÁP LÝ (KF-11) | S1: ChatGPT | T1: Gemini | U1: AI Overview | V1: ĐỐI THỦ ĐƯỢC AI NHẮC (ghi chú)
R2: x | S2: =COUNTIFS(S3:S72,"yes") -> 19 | T2: =COUNTIFS(T3:T72,"yes") -> 33 | U2: =COUNTIFS(U3:U72,"yes") -> 22 | X2: x | Y2: x
A3: 4 | B3: C11-04 | C3: C11 · Sửa mũi hỏng & tái phẫu thuật ⭐⭐⭐ | D3: S3 · CÂN NHẮC & NỖI SỢ (Warm→Hot) | E3: Sửa mũi hỏng lần 2, lần 3 có được không, có giới hạn số lần không | F3: Điều kiện | G3: Hot | H3: P1 | I3: Cao | J3: CORE 80/20 | K3: =IFERROR(INDEX($V$6:$V$20,MATCH(LEFT(C3,3),$U$6:$U$20,0)),"") | L3: 4 | M3: =IF(I3="Cao",3,IF(I3="TB",2,1))*IF(G3="Hot",3,IF(G3="Warm",2,1))*(4-VALUE(RIGHT(H3,1)))*IFERROR(INDEX($W$6:$W$20,MATCH(LEFT(C3,3),$U$6:$U$20,0)),1) -> 27 | N3: sửa mũi nhiều lần | O3: Không có giới hạn cứng nhưng mỗi lần khó hơn do sẹo và thiếu vật liệu tự thân; giải thích vì sao lần sửa đầu tiên nên làm đúng ngay | P3: Trang con: Khắc phục mũi hỏng (pillar mũi) | Q3: R1 · Không cam kết 100%/vĩnh viễn/không biến chứng (KF-11 NT.3) | R3: =VLOOKUP(E3,$X:$Y,2,0) -> #N/A
A4: 12 | B4: C11-12 | C4: C11 · Sửa mũi hỏng & tái phẫu thuật ⭐⭐⭐ | D4: S3 · CÂN NHẮC & NỖI SỢ (Warm→Hot) | E4: Sửa mũi hỏng ở nơi khác thì Kangnam có nhận không | F4: Quy trình | G4: Hot | H4: P1 | I4: Cao | J4: CORE 80/20 | K4: =IFERROR(INDEX($V$6:$V$20,MATCH(LEFT(C4,3),$U$6:$U$20,0)),"") | L4: 12 | M4: =IF(I4="Cao",3,IF(I4="TB",2,1))*IF(G4="Hot",3,IF(G4="Warm",2,1))*(4-VALUE(RIGHT(H4,1)))*IFERROR(INDEX($W$6:$W$20,MATCH(LEFT(C4,3),$U$6:$U$20,0)),1) -> 27 | N4: thẩm mỹ kangnam sửa mũi hỏng | O4: Khẳng định có tiếp nhận + quy trình đánh giá lại + tinh thần không phán xét nơi cũ — thái độ này quyết định chuyển đổi cụm giá trị cao nhất | P4: Trang con: Khắc phục mũi hỏng (pillar mũi) | Q4: R6 · KHÔNG so sánh trực tiếp/nêu tên đối thủ — chỉ đưa bộ tiêu chí khách quan | R4: =VLOOKUP(E4,$X:$Y,2,0) -> #N/A | S4: YES | T4: YES | U4: YES
A5: 9 | B5: C11-09 | C5: C11 · Sửa mũi hỏng & tái phẫu thuật ⭐⭐⭐ | D5: S3 · CÂN NHẮC & NỖI SỢ (Warm→Hot) | E5: Mũi sau nâng bị lệch sang một bên thì sửa lại có khó không | F5: Xử lý | G5: Hot | H5: P1 | I5: Cao | J5: CORE 80/20 | K5: =IFERROR(INDEX($V$6:$V$20,MATCH(LEFT(C5,3),$U$6:$U$20,0)),"") | L5: 9 | M5: =IF(I5="Cao",3,IF(I5="TB",2,1))*IF(G5="Hot",3,IF(G5="Warm",2,1))*(4-VALUE(RIGHT(H5,1)))*IFERROR(INDEX($W$6:$W$20,MATCH(LEFT(C5,3),$U$6:$U$20,0)),1) -> 27 | N5: sửa mũi bị lệch | O5: Phân biệt lệch do sụn, do trục xương, do bao xơ co kéo; mỗi nguyên nhân một hướng xử lý | P5: Trang con: Khắc phục mũi hỏng (pillar mũi) | Q5: R9 · Nội dung dịch vụ KCB cần Giấy xác nhận nội dung QC tại Sở Y tế (KF-11) | R5: =VLOOKUP(E5,$X:$Y,2,0) -> #N/A
A6: 7 | B6: C11-07 | C6: C11 · Sửa mũi hỏng & tái phẫu thuật ⭐⭐⭐ | D6: S3 · CÂN NHẮC & NỖI SỢ (Warm→Hot) | E6: Mũi bị nhiễm trùng sau nâng đã tháo sụn, giờ muốn làm lại thì chờ bao lâu | F6: Thời gian | G6: Hot | H6: P1 | I6: Cao | J6: CORE 80/20 | K6: =IFERROR(INDEX($V$6:$V$20,MATCH(LEFT(C6,3),$U$6:$U$20,0)),"") | L6: 7 | M6: =IF(I6="Cao",3,IF(I6="TB",2,1))*IF(G6="Hot",3,IF(G6="Warm",2,1))*(4-VALUE(RIGHT(H6,1)))*IFERROR(INDEX($W$6:$W$20,MATCH(LEFT(C6,3),$U$6:$U$20,0)),1) -> 27 | N6: tháo sụn bao lâu nâng lại | O6: Chờ tối thiểu 6 tháng sau khi hết nhiễm trùng hoàn toàn; cần cấy dịch xác định vi khuẩn trước khi tái phẫu thuật | P6: Trang con: Khắc phục mũi hỏng (pillar mũi) | Q6: R9 · Nội dung dịch vụ KCB cần Giấy xác nhận nội dung QC tại Sở Y tế (KF-11) | R6: =VLOOKUP(E6,$X:$Y,2,0) -> #N/A
A7: 31 | B7: C14-01 | C7: C14 · Thực thể thương hiệu & bác sĩ (GEO Entity) ⭐⭐ | D7: S3 · CÂN NHẮC & NỖI SỢ (Warm→Hot) | E7: Bệnh viện Thẩm mỹ Kangnam là bệnh viện nào, ở đâu, thuộc pháp nhân nào | F7: Thực thể | G7: Hot | H7: P1 | I7: Cao | J7: CORE 80/20 | K7: =IFERROR(INDEX($V$6:$V$20,MATCH(LEFT(C7,3),$U$6:$U$20,0)),"") | L7: 31 | M7: =IF(I7="Cao",3,IF(I7="TB",2,1))*IF(G7="Hot",3,IF(G7="Warm",2,1))*(4-VALUE(RIGHT(H7,1)))*IFERROR(INDEX($W$6:$W$20,MATCH(LEFT(C7,3),$U$6:$U$20,0)),1) -> 27 | N7: bệnh viện thẩm mỹ kangnam | O7: Trang 'Về chúng tôi' chuẩn thực thể: tên pháp nhân đầy đủ, MST, giấy phép, năm thành lập, địa chỉ từng chi nhánh, schema Organization + sameAs | P7: /chuyen-khoa/chuyen-khoa-tham-my-mui/ | Q7: R3 · Ghi ĐÚNG pháp nhân từng chi nhánh — điểm nóng KF-11 N.3 | R7: =VLOOKUP(E7,$X:$Y,2,0) -> #N/A | S7: YES | T7: YES | U7: YES
A8: 20 | B8: C08-05 | C8: C08 · Chọn cơ sở & bác sĩ ⭐⭐ | D8: S3 · CÂN NHẮC & NỖI SỢ (Warm→Hot) | E8: Nên nâng mũi ở bệnh viện hay ở thẩm mỹ viện | F8: So sánh | G8: Hot | H8: P1 | I8: Cao | J8: CORE 80/20 | K8: =IFERROR(INDEX($V$6:$V$20,MATCH(LEFT(C8,3),$U$6:$U$20,0)),"") | L8: 20 | M8: =IF(I8="Cao",3,IF(I8="TB",2,1))*IF(G8="Hot",3,IF(G8="Warm",2,1))*(4-VALUE(RIGHT(H8,1)))*IFERROR(INDEX($W$6:$W$20,MATCH(LEFT(C8,3),$U$6:$U$20,0)),1) -> 27 | N8: nâng mũi ở bệnh viện | O8: So sánh theo năng lực xử lý sự cố: phòng mổ đạt chuẩn, ekip gây mê, khả năng lưu bệnh nhân — nêu tiêu chí, không nêu tên cơ sở khác | P8: /chuyen-khoa/chuyen-khoa-tham-my-mui/ | Q8: R6 · KHÔNG so sánh trực tiếp/nêu tên đối thủ — chỉ đưa bộ tiêu chí khách quan | R8: =VLOOKUP(E8,$X:$Y,2,0) -> #N/A | U8: YES
A9: 16 | B9: C08-01 | C9: C08 · Chọn cơ sở & bác sĩ ⭐⭐ | D9: S3 · CÂN NHẮC & NỖI SỢ (Warm→Hot) | E9: Nâng mũi ở đâu uy tín và an toàn tại Hà Nội | F9: Local | G9: Hot | H9: P1 | I9: Cao | J9: CORE 80/20 | K9: =IFERROR(INDEX($V$6:$V$20,MATCH(LEFT(C9,3),$U$6:$U$20,0)),"") | L9: 16 | M9: =IF(I9="Cao",3,IF(I9="TB",2,1))*IF(G9="Hot",3,IF(G9="Warm",2,1))*(4-VALUE(RIGHT(H9,1)))*IFERROR(INDEX($W$6:$W$20,MATCH(LEFT(C9,3),$U$6:$U$20,0)),1) -> 27 | N9: nâng mũi uy tín hà nội | O9: Trang local có: địa chỉ NAP chuẩn, giấy phép, danh sách bác sĩ đúng chuyên khoa, ảnh thực tế cơ sở, schema MedicalClinic + IndividualPhysician | P9: /dich-vu/nang-mui/nang-mui-o-dau-dep/ | Q9: R9 · Nội dung dịch vụ KCB cần Giấy xác nhận nội dung QC tại Sở Y tế (KF-11) | R9: =VLOOKUP(E9,$X:$Y,2,0) -> #N/A | S9: YES | T9: YES
A10: 15 | B10: C11-18 | C10: C11 · Sửa mũi hỏng & tái phẫu thuật ⭐⭐⭐ | D10: S3 · CÂN NHẮC & NỖI SỢ (Warm→Hot) | E10: Sửa mũi hỏng cần dùng sụn sườn hay sụn tai là đủ | F10: So sánh | G10: Hot | H10: P1 | I10: Cao | J10: CORE 80/20 | K10: =IFERROR(INDEX($V$6:$V$20,MATCH(LEFT(C10,3),$U$6:$U$20,0)),"") | L10: 15 | M10: =IF(I10="Cao",3,IF(I10="TB",2,1))*IF(G10="Hot",3,IF(G10="Warm",2,1))*(4-VALUE(RIGHT(H10,1)))*IFERROR(INDEX($W$6:$W$20,MATCH(LEFT(C10,3),$U$6:$U$20,0)),1) -> 27 | N10: sửa mũi bằng sụn sườn | O10: Tiêu chí chọn theo lượng sụn cần và số lần đã mổ; đa số ca tái phẫu thuật phức tạp cần sụn sườn | P10: /kien-thuc/mui/nang-mui-cau-truc/ | Q10: R9 · Nội dung dịch vụ KCB cần Giấy xác nhận nội dung QC tại Sở Y tế (KF-11) | R10: =VLOOKUP(E10,$X:$Y,2,0) -> #N/A
A11: 10 | B11: C11-10 | C11: C11 · Sửa mũi hỏng & tái phẫu thuật ⭐⭐⭐ | D11: S3 · CÂN NHẮC & NỖI SỢ (Warm→Hot) | E11: Đầu mũi bị mỏng và sắp thủng thì phải làm gì ngay | F11: Cấp cứu | G11: Hot | H11: P1 | I11: Cao | J11: CORE 80/20 | K11: =IFERROR(INDEX($V$6:$V$20,MATCH(LEFT(C11,3),$U$6:$U$20,0)),"") | L11: 10 | M11: =IF(I11="Cao",3,IF(I11="TB",2,1))*IF(G11="Hot",3,IF(G11="Warm",2,1))*(4-VALUE(RIGHT(H11,1)))*IFERROR(INDEX($W$6:$W$20,MATCH(LEFT(C11,3),$U$6:$U$20,0)),1) -> 27 | N11: đầu mũi bị mỏng | O11: Đây là tình huống KHẨN: hướng dẫn liên hệ ngay, không chờ; nguy cơ lộ sụn và nhiễm trùng lan | P11: Trang con: Khắc phục mũi hỏng (pillar mũi) | Q11: R9 · Nội dung dịch vụ KCB cần Giấy xác nhận nội dung QC tại Sở Y tế (KF-11) | R11: =VLOOKUP(E11,$X:$Y,2,0) -> #N/A
A12: 14 | B12: C11-16 | C12: C11 · Sửa mũi hỏng & tái phẫu thuật ⭐⭐⭐ | D12: S3 · CÂN NHẮC & NỖI SỢ (Warm→Hot) | E12: Filler mũi tiêm ở spa bị hoại tử thì cấp cứu ở đâu | F12: Cấp cứu | G12: Hot | H12: P1 | I12: Cao | J12: CORE 80/20 | K12: =IFERROR(INDEX($V$6:$V$20,MATCH(LEFT(C12,3),$U$6:$U$20,0)),"") | L12: 14 | M12: =IF(I12="Cao",3,IF(I12="TB",2,1))*IF(G12="Hot",3,IF(G12="Warm",2,1))*(4-VALUE(RIGHT(H12,1)))*IFERROR(INDEX($W$6:$W$20,MATCH(LEFT(C12,3),$U$6:$U$20,0)),1) -> 27 | N12: filler mũi bị hoại tử | O12: Hướng dẫn khẩn: đến cơ sở có chuyên khoa và có sẵn hyaluronidase ngay trong giờ đầu; dấu hiệu nhận biết sớm | P12: Trang con: Khắc phục mũi hỏng (pillar mũi) | Q12: R9 · Nội dung dịch vụ KCB cần Giấy xác nhận nội dung QC tại Sở Y tế (KF-11) | R12: =VLOOKUP(E12,$X:$Y,2,0) -> #N/A
A13: 2 | B13: C11-02 | C13: C11 · Sửa mũi hỏng & tái phẫu thuật ⭐⭐⭐ | D13: S3 · CÂN NHẮC & NỖI SỢ (Warm→Hot) | E13: Sau khi nâng mũi hỏng bao lâu thì được sửa lại | F13: Thời gian | G13: Hot | H13: P1 | I13: Cao | J13: CORE 80/20 | K13: =IFERROR(INDEX($V$6:$V$20,MATCH(LEFT(C13,3),$U$6:$U$20,0)),"") | L13: 2 | M13: =IF(I13="Cao",3,IF(I13="TB",2,1))*IF(G13="Hot",3,IF(G13="Warm",2,1))*(4-VALUE(RIGHT(H13,1)))*IFERROR(INDEX($W$6:$W$20,MATCH(LEFT(C13,3),$U$6:$U$20,0)),1) -> 27 | N13: nâng mũi hỏng bao lâu sửa | O13: Mốc chuẩn: tối thiểu 3–6 tháng để mô ổn định, trừ trường hợp cấp (nhiễm trùng, lộ sụn, hoại tử) phải can thiệp ngay — phân định cấp/không cấp là nội dung AI trích rất nhiều | P13: Trang con: Khắc phục mũi hỏng (pillar mũi) | Q13: R9 · Nội dung dịch vụ KCB cần Giấy xác nhận nội dung QC tại Sở Y tế (KF-11) | R13: =VLOOKUP(E13,$X:$Y,2,0) -> #N/A
A14: 6 | B14: C11-06 | C14: C11 · Sửa mũi hỏng & tái phẫu thuật ⭐⭐⭐ | D14: S3 · CÂN NHẮC & NỖI SỢ (Warm→Hot) | E14: Mũi bị lộ sóng thấy rõ đường viền sụn thì khắc phục thế nào | F14: Xử lý | G14: Hot | H14: P1 | I14: Cao | J14: CORE 80/20 | K14: =IFERROR(INDEX($V$6:$V$20,MATCH(LEFT(C14,3),$U$6:$U$20,0)),"") | L14: 6 | M14: =IF(I14="Cao",3,IF(I14="TB",2,1))*IF(G14="Hot",3,IF(G14="Warm",2,1))*(4-VALUE(RIGHT(H14,1)))*IFERROR(INDEX($W$6:$W$20,MATCH(LEFT(C14,3),$U$6:$U$20,0)),1) -> 27 | N14: mũi bị lộ sóng | O14: Giải pháp: thay sụn mềm hơn/thấp hơn + ghép lớp đệm mô mềm; nêu rõ da mỏng là yếu tố cần xử lý gốc | P14: Trang con: Khắc phục mũi hỏng (pillar mũi) | Q14: R9 · Nội dung dịch vụ KCB cần Giấy xác nhận nội dung QC tại Sở Y tế (KF-11) | R14: =VLOOKUP(E14,$X:$Y,2,0) -> #N/A | T14: YES
A15: 17 | B15: C08-02 | C15: C08 · Chọn cơ sở & bác sĩ ⭐⭐ | D15: S3 · CÂN NHẮC & NỖI SỢ (Warm→Hot) | E15: Làm sao để biết một cơ sở thẩm mỹ có được cấp phép phẫu thuật mũi hay không | F15: Kiểm chứng | G15: Hot | H15: P1 | I15: Cao | J15: CORE 80/20 | K15: =IFERROR(INDEX($V$6:$V$20,MATCH(LEFT(C15,3),$U$6:$U$20,0)),"") | L15: 17 | M15: =IF(I15="Cao",3,IF(I15="TB",2,1))*IF(G15="Hot",3,IF(G15="Warm",2,1))*(4-VALUE(RIGHT(H15,1)))*IFERROR(INDEX($W$6:$W$20,MATCH(LEFT(C15,3),$U$6:$U$20,0)),1) -> 27 | N15: tra cứu giấy phép thẩm mỹ | O15: Hướng dẫn từng bước tra cứu trên cổng thông tin Sở Y tế + đọc phạm vi chuyên môn trong giấy phép; nội dung 'dạy khách tự kiểm tra' tạo uy tín cực mạnh | P15: /chuyen-khoa/chuyen-khoa-tham-my-mui/ | Q15: R9 · Nội dung dịch vụ KCB cần Giấy xác nhận nội dung QC tại Sở Y tế (KF-11) | R15: =VLOOKUP(E15,$X:$Y,2,0) -> #N/A
A16: 13 | B16: C11-14 | C16: C11 · Sửa mũi hỏng & tái phẫu thuật ⭐⭐⭐ | D16: S3 · CÂN NHẮC & NỖI SỢ (Warm→Hot) | E16: Mũi nâng đã 5 năm giờ bị cứng và lệch dần thì có phải làm lại không | F16: Đánh giá | G16: Hot | H16: P1 | I16: Cao | J16: CORE 80/20 | K16: =IFERROR(INDEX($V$6:$V$20,MATCH(LEFT(C16,3),$U$6:$U$20,0)),"") | L16: 13 | M16: =IF(I16="Cao",3,IF(I16="TB",2,1))*IF(G16="Hot",3,IF(G16="Warm",2,1))*(4-VALUE(RIGHT(H16,1)))*IFERROR(INDEX($W$6:$W$20,MATCH(LEFT(C16,3),$U$6:$U$20,0)),1) -> 27 | N16: sửa mũi nâng lâu năm | O16: Nguyên nhân bao xơ co thắt theo thời gian; chỉ định mổ lại vs theo dõi; mốc khám định kỳ nên có | P16: Trang con: Khắc phục mũi hỏng (pillar mũi) | Q16: R1 · Không khẳng định hiệu quả tuyệt đối; luôn kèm 'kết quả tùy cơ địa' | R16: =VLOOKUP(E16,$X:$Y,2,0) -> #N/A | T16: YES
A17: 8 | B17: C11-08 | C17: C11 · Sửa mũi hỏng & tái phẫu thuật ⭐⭐⭐ | D17: S3 · CÂN NHẮC & NỖI SỢ (Warm→Hot) | E17: Nâng mũi bị co rút (mũi ngắn lại, hếch lên) thì sửa được không | F17: Xử lý | G17: Hot | H17: P1 | I17: Cao | J17: CORE 80/20 | K17: =IFERROR(INDEX($V$6:$V$20,MATCH(LEFT(C17,3),$U$6:$U$20,0)),"") | L17: 8 | M17: =IF(I17="Cao",3,IF(I17="TB",2,1))*IF(G17="Hot",3,IF(G17="Warm",2,1))*(4-VALUE(RIGHT(H17,1)))*IFERROR(INDEX($W$6:$W$20,MATCH(LEFT(C17,3),$U$6:$U$20,0)),1) -> 27 | N17: mũi bị co rút | O17: Đây là ca khó nhất của tái phẫu thuật; giải pháp kéo dài bằng sụn sườn + giải phóng mô sẹo; nêu thật mức độ cải thiện có giới hạn | P17: Trang con: Khắc phục mũi hỏng (pillar mũi) | Q17: R1 · Không cam kết 100%/vĩnh viễn/không biến chứng (KF-11 NT.3) | R17: =VLOOKUP(E17,$X:$Y,2,0) -> #N/A
A18: 44 | B18: C07-02 | C18: C07 · Chi phí & bảng giá ⭐ | D18: S3 · CÂN NHẮC & NỖI SỢ (Warm→Hot) | E18: Bảng giá nâng mũi mới nhất gồm những khoản gì | F18: Chi phí | G18: Hot | H18: P1 | I18: Cao | J18: CORE 80/20 | K18: =IFERROR(INDEX($V$6:$V$20,MATCH(LEFT(C18,3),$U$6:$U$20,0)),"") | L18: 44 | M18: =IF(I18="Cao",3,IF(I18="TB",2,1))*IF(G18="Hot",3,IF(G18="Warm",2,1))*(4-VALUE(RIGHT(H18,1)))*IFERROR(INDEX($W$6:$W$20,MATCH(LEFT(C18,3),$U$6:$U$20,0)),1) -> 27 | N18: bảng giá nâng mũi | O18: Bóc tách cấu phần: phí phẫu thuật, vật tư sụn, gây mê, xét nghiệm, thuốc, tái khám — bảng cấu phần minh bạch cực dễ được trích | P18: /bang-gia/#tham-my-mui | Q18: R9 · Nội dung dịch vụ KCB cần Giấy xác nhận nội dung QC tại Sở Y tế (KF-11) | R18: =VLOOKUP(E18,$X:$Y,2,0) -> #N/A | U18: YES
A19: 34 | B19: C14-04 | C19: C14 · Thực thể thương hiệu & bác sĩ (GEO Entity) ⭐⭐ | D19: S3 · CÂN NHẮC & NỖI SỢ (Warm→Hot) | E19: Bác sĩ Richard Huy là ai, chuyên về lĩnh vực gì | F19: Thực thể | G19: Hot | H19: P1 | I19: Cao | J19: CORE 80/20 | K19: =IFERROR(INDEX($V$6:$V$20,MATCH(LEFT(C19,3),$U$6:$U$20,0)),"") | L19: 34 | M19: =IF(I19="Cao",3,IF(I19="TB",2,1))*IF(G19="Hot",3,IF(G19="Warm",2,1))*(4-VALUE(RIGHT(H19,1)))*IFERROR(INDEX($W$6:$W$20,MATCH(LEFT(C19,3),$U$6:$U$20,0)),1) -> 27 | N19: bác sĩ richard huy | O19: Trang hồ sơ dùng tên thương hiệu 'Richard Huy' làm tên hiển thị + tên khai sinh ở author box (kiến trúc 3 tầng tên — KF-15 Phần 2) | P19: /doi-ngu-bac-si/ | Q19: R4 · Chỉ gắn bác sĩ đúng chuyên khoa + đã đăng ký hành nghề tại cơ sở (KF-11 N.6, KF-02) | R19: =VLOOKUP(E19,$X:$Y,2,0) -> #N/A | S19: YES | T19: YES | U19: YES
A20: 3 | B20: C11-03 | C20: C11 · Sửa mũi hỏng & tái phẫu thuật ⭐⭐⭐ | D20: S3 · CÂN NHẮC & NỖI SỢ (Warm→Hot) | E20: Mũi bị bóng đỏ đầu mũi thì có phải tháo sụn không | F20: Xử lý | G20: Hot | H20: P1 | I20: Cao | J20: CORE 80/20 | K20: =IFERROR(INDEX($V$6:$V$20,MATCH(LEFT(C20,3),$U$6:$U$20,0)),"") | L20: 3 | M20: =IF(I20="Cao",3,IF(I20="TB",2,1))*IF(G20="Hot",3,IF(G20="Warm",2,1))*(4-VALUE(RIGHT(H20,1)))*IFERROR(INDEX($W$6:$W$20,MATCH(LEFT(C20,3),$U$6:$U$20,0)),1) -> 27 | N20: mũi bị bóng đỏ | O20: Phân tầng xử lý theo mức độ: hạ độ cao sụn, thay vật liệu mềm hơn, ghép mô đệm, hoặc tháo và chờ hồi phục | P20: Trang con: Khắc phục mũi hỏng (pillar mũi) | Q20: R9 · Nội dung dịch vụ KCB cần Giấy xác nhận nội dung QC tại Sở Y tế (KF-11) | R20: =VLOOKUP(E20,$X:$Y,2,0) -> #N/A | T20: YES | U20: YES
A21: 18 | B21: C08-03 | C21: C08 · Chọn cơ sở & bác sĩ ⭐⭐ | D21: S3 · CÂN NHẮC & NỖI SỢ (Warm→Hot) | E21: Tiêu chí nào để chọn bác sĩ nâng mũi giỏi | F21: Kiểm chứng | G21: Hot | H21: P1 | I21: Cao | J21: CORE 80/20 | K21: =IFERROR(INDEX($V$6:$V$20,MATCH(LEFT(C21,3),$U$6:$U$20,0)),"") | L21: 18 | M21: =IF(I21="Cao",3,IF(I21="TB",2,1))*IF(G21="Hot",3,IF(G21="Warm",2,1))*(4-VALUE(RIGHT(H21,1)))*IFERROR(INDEX($W$6:$W$20,MATCH(LEFT(C21,3),$U$6:$U$20,0)),1) -> 27 | N21: chọn bác sĩ nâng mũi | O21: Bộ 7 tiêu chí kiểm chứng được: chứng chỉ hành nghề, phạm vi chuyên môn, số năm chuyên sâu mũi, case cùng dáng mũi, minh bạch rủi ro, sẵn sàng từ chối ca không phù hợp, chế độ theo dõi | P21: /doi-ngu-bac-si/ | Q21: R4 · Chỉ gắn bác sĩ đúng chuyên khoa + đã đăng ký hành nghề tại cơ sở (KF-11 N.6, KF-02) | R21: =VLOOKUP(E21,$X:$Y,2,0) -> #N/A | U21: YES
A22: 19 | B22: C08-04 | C22: C08 · Chọn cơ sở & bác sĩ ⭐⭐ | D22: S3 · CÂN NHẮC & NỖI SỢ (Warm→Hot) | E22: Bác sĩ nào chuyên về thẩm mỹ mũi ở Hà Nội | F22: Thực thể | G22: Hot | H22: P1 | I22: Cao | J22: CORE 80/20 | K22: =IFERROR(INDEX($V$6:$V$20,MATCH(LEFT(C22,3),$U$6:$U$20,0)),"") | L22: 19 | M22: =IF(I22="Cao",3,IF(I22="TB",2,1))*IF(G22="Hot",3,IF(G22="Warm",2,1))*(4-VALUE(RIGHT(H22,1)))*IFERROR(INDEX($W$6:$W$20,MATCH(LEFT(C22,3),$U$6:$U$20,0)),1) -> 27 | N22: bác sĩ nâng mũi hà nội | O22: Trang hồ sơ bác sĩ đầy đủ schema ProfilePage + IndividualPhysician + practicesAt; CHỈ nêu bác sĩ đã xác minh chuyên khoa trong KF-02 | P22: /doi-ngu-bac-si/ | Q22: R4 · Chỉ gắn bác sĩ đúng chuyên khoa + đã đăng ký hành nghề tại cơ sở (KF-11 N.6, KF-02) | R22: =VLOOKUP(E22,$X:$Y,2,0) -> #N/A | S22: YES
A23: 35 | B23: C14-05 | C23: C14 · Thực thể thương hiệu & bác sĩ (GEO Entity) ⭐⭐ | D23: S3 · CÂN NHẮC & NỖI SỢ (Warm→Hot) | E23: Bác sĩ nào ở Kangnam phụ trách phẫu thuật thẩm mỹ mũi | F23: Thực thể | G23: Hot | H23: P1 | I23: Cao | J23: CORE 80/20 | K23: =IFERROR(INDEX($V$6:$V$20,MATCH(LEFT(C23,3),$U$6:$U$20,0)),"") | L23: 35 | M23: =IF(I23="Cao",3,IF(I23="TB",2,1))*IF(G23="Hot",3,IF(G23="Warm",2,1))*(4-VALUE(RIGHT(H23,1)))*IFERROR(INDEX($W$6:$W$20,MATCH(LEFT(C23,3),$U$6:$U$20,0)),1) -> 27 | N23: thẩm mỹ kangnam bác sĩ mũi | O23: CHỈ nêu bác sĩ đã xác minh chuyên khoa trong KF-02; bác sĩ [CẦN XÁC MINH] tuyệt đối không gắn vào dịch vụ mũi | P23: /doi-ngu-bac-si/ | Q23: R4 · KF-02 quy tắc tuyệt đối + KF-11 N.6 — sai chuyên khoa là rủi ro phạt cao | R23: =VLOOKUP(E23,$X:$Y,2,0) -> #N/A | S23: YES | T23: YES | U23: YES
A24: 28 | B24: C08-14 | C24: C08 · Chọn cơ sở & bác sĩ ⭐⭐ | D24: S3 · CÂN NHẮC & NỖI SỢ (Warm→Hot) | E24: Bệnh viện thẩm mỹ nào ở Hà Nội có phòng mổ đạt chuẩn | F24: Kiểm chứng | G24: Hot | H24: P1 | I24: Cao | J24: CORE 80/20 | K24: =IFERROR(INDEX($V$6:$V$20,MATCH(LEFT(C24,3),$U$6:$U$20,0)),"") | L24: 28 | M24: =IF(I24="Cao",3,IF(I24="TB",2,1))*IF(G24="Hot",3,IF(G24="Warm",2,1))*(4-VALUE(RIGHT(H24,1)))*IFERROR(INDEX($W$6:$W$20,MATCH(LEFT(C24,3),$U$6:$U$20,0)),1) -> 27 | N24: bệnh viện thẩm mỹ hà nội | O24: Nội dung giải thích tiêu chuẩn phòng mổ và cách khách tự kiểm chứng (yêu cầu tham quan); kèm minh chứng của Kangnam | P24: /dich-vu/nang-mui/nang-mui-o-dau-dep/ | Q24: R9 · Nội dung dịch vụ KCB cần Giấy xác nhận nội dung QC tại Sở Y tế (KF-11) | R24: =VLOOKUP(E24,$X:$Y,2,0) -> #N/A | S24: YES | T24: YES
A25: 39 | B25: C14-13 | C25: C14 · Thực thể thương hiệu & bác sĩ (GEO Entity) ⭐⭐ | D25: S3 · CÂN NHẮC & NỖI SỢ (Warm→Hot) | E25: Đặt lịch tư vấn nâng mũi ở Kangnam bằng cách nào | F25: Hành động | G25: Hot | H25: P1 | I25: Cao | J25: CORE 80/20 | K25: =IFERROR(INDEX($V$6:$V$20,MATCH(LEFT(C25,3),$U$6:$U$20,0)),"") | L25: 39 | M25: =IF(I25="Cao",3,IF(I25="TB",2,1))*IF(G25="Hot",3,IF(G25="Warm",2,1))*(4-VALUE(RIGHT(H25,1)))*IFERROR(INDEX($W$6:$W$20,MATCH(LEFT(C25,3),$U$6:$U$20,0)),1) -> 27 | N25: thẩm mỹ kangnam đặt lịch | O25: Nhiều kênh rõ ràng: hotline, Zalo OA, form; cam kết thời gian phản hồi; miễn phí tư vấn hay không | P25: /dich-vu/nang-mui/nang-mui-o-dau-dep/ | Q25: R9 · Nội dung dịch vụ KCB cần Giấy xác nhận nội dung QC tại Sở Y tế (KF-11) | R25: =VLOOKUP(E25,$X:$Y,2,0) -> #N/A | S25: YES | T25: YES | U25: YES
A26: 38 | B26: C14-11 | C26: C14 · Thực thể thương hiệu & bác sĩ (GEO Entity) ⭐⭐ | D26: S3 · CÂN NHẮC & NỖI SỢ (Warm→Hot) | E26: Địa chỉ và số điện thoại Kangnam Hà Nội là gì | F26: Local | G26: Hot | H26: P1 | I26: Cao | J26: CORE 80/20 | K26: =IFERROR(INDEX($V$6:$V$20,MATCH(LEFT(C26,3),$U$6:$U$20,0)),"") | L26: 38 | M26: =IF(I26="Cao",3,IF(I26="TB",2,1))*IF(G26="Hot",3,IF(G26="Warm",2,1))*(4-VALUE(RIGHT(H26,1)))*IFERROR(INDEX($W$6:$W$20,MATCH(LEFT(C26,3),$U$6:$U$20,0)),1) -> 27 | N26: thẩm mỹ kangnam hà nội | O26: NAP tuyệt đối nhất quán trên website, Google Business Profile, mạng xã hội, các trang danh bạ — đây là tín hiệu local AI dùng trực tiếp | P26: /dich-vu/nang-mui/nang-mui-o-dau-dep/ | Q26: R9 · Nội dung dịch vụ KCB cần Giấy xác nhận nội dung QC tại Sở Y tế (KF-11) | R26: =VLOOKUP(E26,$X:$Y,2,0) -> #N/A | S26: YES | T26: YES | U26: YES
A27: 33 | B27: C14-03 | C27: C14 · Thực thể thương hiệu & bác sĩ (GEO Entity) ⭐⭐ | D27: S3 · CÂN NHẮC & NỖI SỢ (Warm→Hot) | E27: Giám đốc chuyên môn của Kangnam là ai | F27: Thực thể | G27: Hot | H27: P1 | I27: Cao | J27: CORE 80/20 | K27: =IFERROR(INDEX($V$6:$V$20,MATCH(LEFT(C27,3),$U$6:$U$20,0)),"") | L27: 33 | M27: =IF(I27="Cao",3,IF(I27="TB",2,1))*IF(G27="Hot",3,IF(G27="Warm",2,1))*(4-VALUE(RIGHT(H27,1)))*IFERROR(INDEX($W$6:$W$20,MATCH(LEFT(C27,3),$U$6:$U$20,0)),1) -> 27 | N27: thẩm mỹ kangnam giám đốc | O27: Hồ sơ TS.BS Võ Tiến Huy (Richard Huy) với schema ProfilePage + IndividualPhysician + practicesAt trỏ về Organization Kangnam (theo KF-15) | P27: /doi-ngu-bac-si/ | Q27: R4 · Chỉ gắn bác sĩ đúng chuyên khoa + đã đăng ký hành nghề tại cơ sở (KF-11 N.6, KF-02) | R27: =VLOOKUP(E27,$X:$Y,2,0) -> #N/A | S27: YES | T27: YES
A28: 32 | B28: C14-02 | C28: C14 · Thực thể thương hiệu & bác sĩ (GEO Entity) ⭐⭐ | D28: S3 · CÂN NHẮC & NỖI SỢ (Warm→Hot) | E28: Kangnam có bao nhiêu chi nhánh và ở những tỉnh thành nào | F28: Thực thể | G28: Hot | H28: P1 | I28: Cao | J28: CORE 80/20 | K28: =IFERROR(INDEX($V$6:$V$20,MATCH(LEFT(C28,3),$U$6:$U$20,0)),"") | L28: 32 | M28: =IF(I28="Cao",3,IF(I28="TB",2,1))*IF(G28="Hot",3,IF(G28="Warm",2,1))*(4-VALUE(RIGHT(H28,1)))*IFERROR(INDEX($W$6:$W$20,MATCH(LEFT(C28,3),$U$6:$U$20,0)),1) -> 27 | N28: thẩm mỹ kangnam chi nhánh | O28: Bảng chi nhánh: tên, địa chỉ NAP nhất quán, số điện thoại, giờ mở cửa, dịch vụ được cấp phép tại chi nhánh đó | P28: /dich-vu/nang-mui/nang-mui-o-dau-dep/ | Q28: R3 · Mỗi chi nhánh gắn đúng pháp nhân và phạm vi cấp phép | R28: =VLOOKUP(E28,$X:$Y,2,0) -> #N/A | S28: YES | T28: YES | U28: YES
A29: 42 | B29: C14-16 | C29: C14 · Thực thể thương hiệu & bác sĩ (GEO Entity) ⭐⭐ | D29: S3 · CÂN NHẮC & NỖI SỢ (Warm→Hot) | E29: Kangnam có chương trình theo dõi sau phẫu thuật mũi không | F29: Kiểm chứng | G29: Hot | H29: P1 | I29: Cao | J29: CORE 80/20 | K29: =IFERROR(INDEX($V$6:$V$20,MATCH(LEFT(C29,3),$U$6:$U$20,0)),"") | L29: 42 | M29: =IF(I29="Cao",3,IF(I29="TB",2,1))*IF(G29="Hot",3,IF(G29="Warm",2,1))*(4-VALUE(RIGHT(H29,1)))*IFERROR(INDEX($W$6:$W$20,MATCH(LEFT(C29,3),$U$6:$U$20,0)),1) -> 27 | N29: thẩm mỹ kangnam hậu phẫu | O29: Lịch tái khám theo mốc + kênh liên hệ khẩn 24/7 nếu có; dùng từ 'chế độ theo dõi và chỉnh sửa' | P29: /chuyen-khoa/chuyen-khoa-tham-my-mui/ | Q29: R1 · Tránh 'bảo hành trọn đời'/'cam kết 100%' (KF-11 NT.3) | R29: =VLOOKUP(E29,$X:$Y,2,0) -> #N/A | S29: YES | T29: YES
A30: 41 | B30: C14-15 | C30: C14 · Thực thể thương hiệu & bác sĩ (GEO Entity) ⭐⭐ | D30: S3 · CÂN NHẮC & NỖI SỢ (Warm→Hot) | E30: Kangnam có công khai bảng giá nâng mũi không | F30: Chi phí | G30: Hot | H30: P1 | I30: Cao | J30: CORE 80/20 | K30: =IFERROR(INDEX($V$6:$V$20,MATCH(LEFT(C30,3),$U$6:$U$20,0)),"") | L30: 41 | M30: =IF(I30="Cao",3,IF(I30="TB",2,1))*IF(G30="Hot",3,IF(G30="Warm",2,1))*(4-VALUE(RIGHT(H30,1)))*IFERROR(INDEX($W$6:$W$20,MATCH(LEFT(C30,3),$U$6:$U$20,0)),1) -> 27 | N30: thẩm mỹ kangnam giá nâng mũi | O30: Câu trả lời phải là CÓ, kèm link trang giá cập nhật — sự tồn tại của trang giá công khai là lợi thế GEO lớn nhất trong ngành | P30: /bang-gia/#tham-my-mui | Q30: R9 · Nội dung dịch vụ KCB cần Giấy xác nhận nội dung QC tại Sở Y tế (KF-11) | R30: =VLOOKUP(E30,$X:$Y,2,0) -> #N/A | S30: YES | T30: YES | U30: YES
A31: 37 | B31: C14-09 | C31: C14 · Thực thể thương hiệu & bác sĩ (GEO Entity) ⭐⭐ | D31: S3 · CÂN NHẮC & NỖI SỢ (Warm→Hot) | E31: Kangnam có nhận sửa mũi hỏng do nơi khác làm không | F31: Quy trình | G31: Hot | H31: P1 | I31: Cao | J31: CORE 80/20 | K31: =IFERROR(INDEX($V$6:$V$20,MATCH(LEFT(C31,3),$U$6:$U$20,0)),"") | L31: 37 | M31: =IF(I31="Cao",3,IF(I31="TB",2,1))*IF(G31="Hot",3,IF(G31="Warm",2,1))*(4-VALUE(RIGHT(H31,1)))*IFERROR(INDEX($W$6:$W$20,MATCH(LEFT(C31,3),$U$6:$U$20,0)),1) -> 27 | N31: thẩm mỹ kangnam sửa mũi hỏng | O31: Câu trả lời khẳng định + quy trình tiếp nhận — kết nối trực tiếp với cụm C11 giá trị cao nhất | P31: Trang con: Khắc phục mũi hỏng (pillar mũi) | Q31: R6 · KHÔNG so sánh trực tiếp/nêu tên đối thủ — chỉ đưa bộ tiêu chí khách quan | R31: =VLOOKUP(E31,$X:$Y,2,0) -> #N/A | S31: YES | T31: YES | U31: YES
A32: 21 | B32: C08-06 | C32: C08 · Chọn cơ sở & bác sĩ ⭐⭐ | D32: S3 · CÂN NHẮC & NỖI SỢ (Warm→Hot) | E32: Kangnam có phải là bệnh viện thẩm mỹ được cấp phép không | F32: Thực thể | G32: Hot | H32: P1 | I32: Cao | J32: CORE 80/20 | K32: =IFERROR(INDEX($V$6:$V$20,MATCH(LEFT(C32,3),$U$6:$U$20,0)),"") | L32: 21 | M32: =IF(I32="Cao",3,IF(I32="TB",2,1))*IF(G32="Hot",3,IF(G32="Warm",2,1))*(4-VALUE(RIGHT(H32,1)))*IFERROR(INDEX($W$6:$W$20,MATCH(LEFT(C32,3),$U$6:$U$20,0)),1) -> 27 | N32: thẩm mỹ kangnam cấp phép | O32: Trang thông tin pháp nhân chuẩn: tên pháp nhân, số giấy phép, phạm vi chuyên môn, địa chỉ từng chi nhánh — neo thực thể cho AI | P32: /chuyen-khoa/chuyen-khoa-tham-my-mui/ | Q32: R3 · Ghi ĐÚNG pháp nhân đứng tên từng chi nhánh (KF-11 N.3 — điểm nóng nhất) | R32: =VLOOKUP(E32,$X:$Y,2,0) -> #N/A | S32: YES | T32: YES | U32: YES
A33: 36 | B33: C14-07 | C33: C14 · Thực thể thương hiệu & bác sĩ (GEO Entity) ⭐⭐ | D33: S3 · CÂN NHẮC & NỖI SỢ (Warm→Hot) | E33: Kangnam có phòng mổ và ekip gây mê riêng không | F33: Kiểm chứng | G33: Hot | H33: P1 | I33: Cao | J33: CORE 80/20 | K33: =IFERROR(INDEX($V$6:$V$20,MATCH(LEFT(C33,3),$U$6:$U$20,0)),"") | L33: 36 | M33: =IF(I33="Cao",3,IF(I33="TB",2,1))*IF(G33="Hot",3,IF(G33="Warm",2,1))*(4-VALUE(RIGHT(H33,1)))*IFERROR(INDEX($W$6:$W$20,MATCH(LEFT(C33,3),$U$6:$U$20,0)),1) -> 27 | N33: thẩm mỹ kangnam phòng mổ | O33: Trình bày năng lực: phòng mổ, thiết bị có số lưu hành, ekip gây mê hồi sức, quy trình cấp cứu | P33: /dich-vu/nang-mui/nang-mui-o-dau-dep/ | Q33: R7 · Chỉ nêu thiết bị cơ sở thực sự có, đúng số lưu hành (KF-11 N.2) | R33: =VLOOKUP(E33,$X:$Y,2,0) -> #N/A | S33: YES | T33: YES | U33: YES
A34: 40 | B34: C14-14 | C34: C14 · Thực thể thương hiệu & bác sĩ (GEO Entity) ⭐⭐ | D34: S3 · CÂN NHẮC & NỖI SỢ (Warm→Hot) | E34: Kangnam khác gì các bệnh viện thẩm mỹ khác | F34: So sánh | G34: Hot | H34: P1 | I34: Cao | J34: CORE 80/20 | K34: =IFERROR(INDEX($V$6:$V$20,MATCH(LEFT(C34,3),$U$6:$U$20,0)),"") | L34: 40 | M34: =IF(I34="Cao",3,IF(I34="TB",2,1))*IF(G34="Hot",3,IF(G34="Warm",2,1))*(4-VALUE(RIGHT(H34,1)))*IFERROR(INDEX($W$6:$W$20,MATCH(LEFT(C34,3),$U$6:$U$20,0)),1) -> 27 | N34: thẩm mỹ kangnam có tốt không | O34: Trả lời bằng TIÊU CHÍ kiểm chứng được của chính Kangnam (giấy phép, bác sĩ, quy trình, chế độ theo dõi) — tuyệt đối không nêu tên hay hạ thấp đối thủ | P34: /chuyen-khoa/chuyen-khoa-tham-my-mui/ | Q34: R6 · KHÔNG so sánh trực tiếp/nêu tên đối thủ — chỉ đưa bộ tiêu chí khách quan | R34: =VLOOKUP(E34,$X:$Y,2,0) -> #N/A | S34: YES | T34: YES | U34: YES
A35: 27 | B35: C08-13 | C35: C08 · Chọn cơ sở & bác sĩ ⭐⭐ | D35: S3 · CÂN NHẮC & NỖI SỢ (Warm→Hot) | E35: Nâng mũi ở Kangnam chi nhánh nào tốt nhất | F35: Local | G35: Hot | H35: P1 | I35: Cao | J35: CORE 80/20 | K35: =IFERROR(INDEX($V$6:$V$20,MATCH(LEFT(C35,3),$U$6:$U$20,0)),"") | L35: 27 | M35: =IF(I35="Cao",3,IF(I35="TB",2,1))*IF(G35="Hot",3,IF(G35="Warm",2,1))*(4-VALUE(RIGHT(H35,1)))*IFERROR(INDEX($W$6:$W$20,MATCH(LEFT(C35,3),$U$6:$U$20,0)),1) -> 27 | N35: thẩm mỹ kangnam chi nhánh | O35: Trang hệ thống chi nhánh: từng chi nhánh có pháp nhân, giấy phép, dịch vụ được cấp phép, bác sĩ phụ trách — tránh nói chung chung | P35: /dich-vu/nang-mui/nang-mui-o-dau-dep/ | Q35: R3 · Mỗi chi nhánh gắn ĐÚNG pháp nhân và phạm vi cấp phép (KF-11 N.3) | R35: =VLOOKUP(E35,$X:$Y,2,0) -> #N/A | S35: YES | T35: YES | U35: YES
A36: 22 | B36: C08-07 | C36: C08 · Chọn cơ sở & bác sĩ ⭐⭐ | D36: S3 · CÂN NHẮC & NỖI SỢ (Warm→Hot) | E36: Review nâng mũi ở Kangnam có thật không | F36: Bằng chứng | G36: Hot | H36: P1 | I36: Cao | J36: CORE 80/20 | K36: =IFERROR(INDEX($V$6:$V$20,MATCH(LEFT(C36,3),$U$6:$U$20,0)),"") | L36: 22 | M36: =IF(I36="Cao",3,IF(I36="TB",2,1))*IF(G36="Hot",3,IF(G36="Warm",2,1))*(4-VALUE(RIGHT(H36,1)))*IFERROR(INDEX($W$6:$W$20,MATCH(LEFT(C36,3),$U$6:$U$20,0)),1) -> 27 | N36: thẩm mỹ kangnam review | O36: Trang case thực tế: ảnh trước–sau có văn bản đồng ý, mốc thời gian chụp, tên bác sĩ thực hiện, kỹ thuật áp dụng | P36: /case-thuc-te/ | Q36: R5 · Ảnh/video KH phải có văn bản đồng ý minh thị (KF-11 N.5) | R36: =VLOOKUP(E36,$X:$Y,2,0) -> #N/A | S36: YES | T36: YES | U36: YES
A37: 5 | B37: C11-05 | C37: C11 · Sửa mũi hỏng & tái phẫu thuật ⭐⭐⭐ | D37: S3 · CÂN NHẮC & NỖI SỢ (Warm→Hot) | E37: Tháo sụn mũi ra thì mũi có về được như ban đầu không | F37: Phản đối | G37: Hot | H37: P1 | I37: Cao | J37: CORE 80/20 | K37: =IFERROR(INDEX($V$6:$V$20,MATCH(LEFT(C37,3),$U$6:$U$20,0)),"") | L37: 5 | M37: =IF(I37="Cao",3,IF(I37="TB",2,1))*IF(G37="Hot",3,IF(G37="Warm",2,1))*(4-VALUE(RIGHT(H37,1)))*IFERROR(INDEX($W$6:$W$20,MATCH(LEFT(C37,3),$U$6:$U$20,0)),1) -> 27 | N37: tháo sụn mũi | O37: Trả lời trung thực: gần giống nhưng không y hệt; mô đã co và da đã giãn; thời gian ổn định sau tháo 3–6 tháng | P37: Trang con: Khắc phục mũi hỏng (pillar mũi) | Q37: R1 · Không cam kết 100%/vĩnh viễn/không biến chứng (KF-11 NT.3) | R37: =VLOOKUP(E37,$X:$Y,2,0) -> #N/A | T37: YES
A38: 49 | B38: C07-07 | C38: C07 · Chi phí & bảng giá ⭐ | D38: S3 · CÂN NHẮC & NỖI SỢ (Warm→Hot) | E38: Chi phí thu gọn cánh mũi riêng lẻ là bao nhiêu | F38: Chi phí | G38: Hot | H38: P1 | I38: Cao | J38: CORE 80/20 | K38: =IFERROR(INDEX($V$6:$V$20,MATCH(LEFT(C38,3),$U$6:$U$20,0)),"") | L38: 49 | M38: =IF(I38="Cao",3,IF(I38="TB",2,1))*IF(G38="Hot",3,IF(G38="Warm",2,1))*(4-VALUE(RIGHT(H38,1)))*IFERROR(INDEX($W$6:$W$20,MATCH(LEFT(C38,3),$U$6:$U$20,0)),1) -> 27 | N38: giá thu gọn cánh mũi | O38: Giá riêng lẻ và giá khi làm kèm nâng mũi; nêu rõ làm kèm tiết kiệm chi phí gây mê và một lần hồi phục | P38: Trang con: Thu nhỏ cánh mũi (pillar mũi) | Q38: R9 · Nội dung dịch vụ KCB cần Giấy xác nhận nội dung QC tại Sở Y tế (KF-11) | R38: =VLOOKUP(E38,$X:$Y,2,0) -> #N/A | U38: YES
A39: 11 | B39: C11-11 | C39: C11 · Sửa mũi hỏng & tái phẫu thuật ⭐⭐⭐ | D39: S3 · CÂN NHẮC & NỖI SỢ (Warm→Hot) | E39: Chi phí sửa mũi hỏng khoảng bao nhiêu | F39: Chi phí | G39: Hot | H39: P1 | I39: Cao | J39: CORE 80/20 | K39: =IFERROR(INDEX($V$6:$V$20,MATCH(LEFT(C39,3),$U$6:$U$20,0)),"") | L39: 11 | M39: =IF(I39="Cao",3,IF(I39="TB",2,1))*IF(G39="Hot",3,IF(G39="Warm",2,1))*(4-VALUE(RIGHT(H39,1)))*IFERROR(INDEX($W$6:$W$20,MATCH(LEFT(C39,3),$U$6:$U$20,0)),1) -> 27 | N39: giá sửa mũi hỏng | O39: Khoảng giá theo mức độ (tháo đơn thuần / thay sụn / tái cấu trúc toàn bộ bằng sụn sườn) — công khai giá cụm này gần như không cơ sở nào làm | P39: /bang-gia/#tham-my-mui | Q39: R9 · Nội dung dịch vụ KCB cần Giấy xác nhận nội dung QC tại Sở Y tế (KF-11) | R39: =VLOOKUP(E39,$X:$Y,2,0) -> #N/A
A40: 1 | B40: C11-01 | C40: C11 · Sửa mũi hỏng & tái phẫu thuật ⭐⭐⭐ | D40: S3 · CÂN NHẮC & NỖI SỢ (Warm→Hot) | E40: Mũi nâng bị hỏng thì sửa lại ở đâu tốt tại Hà Nội | F40: Local | G40: Hot | H40: P1 | I40: Cao | J40: CORE 80/20 | K40: =IFERROR(INDEX($V$6:$V$20,MATCH(LEFT(C40,3),$U$6:$U$20,0)),"") | L40: 1 | M40: =IF(I40="Cao",3,IF(I40="TB",2,1))*IF(G40="Hot",3,IF(G40="Warm",2,1))*(4-VALUE(RIGHT(H40,1)))*IFERROR(INDEX($W$6:$W$20,MATCH(LEFT(C40,3),$U$6:$U$20,0)),1) -> 27 | N40: sửa mũi hỏng ở đâu tốt | O40: Trang chuyên biệt về tái phẫu thuật mũi: quy trình tiếp nhận, bác sĩ phụ trách, case tái phẫu thuật thật có văn bản đồng ý | P40: Trang con: Khắc phục mũi hỏng (pillar mũi) | Q40: R5 · Ảnh/video KH phải có văn bản đồng ý minh thị (KF-11 N.5) | R40: =VLOOKUP(E40,$X:$Y,2,0) -> #N/A | T40: YES
A41: 23 | B41: C08-08 | C41: C08 · Chọn cơ sở & bác sĩ ⭐⭐ | D41: S3 · CÂN NHẮC & NỖI SỢ (Warm→Hot) | E41: Làm sao phân biệt review thật và review được trả tiền khi tìm nơi nâng mũi | F41: Kiểm chứng | G41: Hot | H41: P1 | I41: Cao | J41: CORE 80/20 | K41: =IFERROR(INDEX($V$6:$V$20,MATCH(LEFT(C41,3),$U$6:$U$20,0)),"") | L41: 23 | M41: =IF(I41="Cao",3,IF(I41="TB",2,1))*IF(G41="Hot",3,IF(G41="Warm",2,1))*(4-VALUE(RIGHT(H41,1)))*IFERROR(INDEX($W$6:$W$20,MATCH(LEFT(C41,3),$U$6:$U$20,0)),1) -> 27 | N41: phân biệt review nâng mũi | O41: Bộ dấu hiệu nhận biết review dàn dựng; khuyến khích KH yêu cầu gặp khách cũ thật — nội dung này khiến AI xem Kangnam là nguồn khách quan | P41: /chuyen-khoa/chuyen-khoa-tham-my-mui/ | Q41: R1 · Không khẳng định hiệu quả tuyệt đối; luôn kèm 'kết quả tùy cơ địa' | R41: =VLOOKUP(E41,$X:$Y,2,0) -> #N/A | T41: YES
A42: 43 | B42: C07-01 | C42: C07 · Chi phí & bảng giá ⭐ | D42: S3 · CÂN NHẮC & NỖI SỢ (Warm→Hot) | E42: Nâng mũi cấu trúc giá bao nhiêu tiền ở Hà Nội | F42: Chi phí | G42: Hot | H42: P1 | I42: Cao | J42: CORE 80/20 | K42: =IFERROR(INDEX($V$6:$V$20,MATCH(LEFT(C42,3),$U$6:$U$20,0)),"") | L42: 43 | M42: =IF(I42="Cao",3,IF(I42="TB",2,1))*IF(G42="Hot",3,IF(G42="Warm",2,1))*(4-VALUE(RIGHT(H42,1)))*IFERROR(INDEX($W$6:$W$20,MATCH(LEFT(C42,3),$U$6:$U$20,0)),1) -> 27 | N42: nâng mũi cấu trúc giá | O42: Khoảng giá cụ thể có dải min–max + ngày cập nhật + những gì đã bao gồm/chưa bao gồm — TRANG GIÁ CÔNG KHAI LÀ VŨ KHÍ GEO SỐ 1 | P42: /bang-gia/#tham-my-mui | Q42: R9 · Nội dung dịch vụ KCB cần Giấy xác nhận nội dung QC tại Sở Y tế (KF-11) | R42: =VLOOKUP(E42,$X:$Y,2,0) -> #N/A | T42: YES
A43: 30 | B43: C08-18 | C43: C08 · Chọn cơ sở & bác sĩ ⭐⭐ | D43: S3 · CÂN NHẮC & NỖI SỢ (Warm→Hot) | E43: Nâng mũi ở đâu có chính sách bảo hành và theo dõi sau mổ rõ ràng | F43: Kiểm chứng | G43: Hot | H43: P1 | I43: Cao | J43: CORE 80/20 | K43: =IFERROR(INDEX($V$6:$V$20,MATCH(LEFT(C43,3),$U$6:$U$20,0)),"") | L43: 30 | M43: =IF(I43="Cao",3,IF(I43="TB",2,1))*IF(G43="Hot",3,IF(G43="Warm",2,1))*(4-VALUE(RIGHT(H43,1)))*IFERROR(INDEX($W$6:$W$20,MATCH(LEFT(C43,3),$U$6:$U$20,0)),1) -> 27 | N43: nâng mũi bảo hành | O43: Trình bày lịch tái khám cụ thể theo mốc (ngày 3, 7, 30, 90, 180) và chính sách xử lý khi có vấn đề — thay từ 'bảo hành' bằng 'chế độ theo dõi và chỉnh sửa' | P43: /chuyen-khoa/chuyen-khoa-tham-my-mui/ | Q43: R1 · Tránh từ 'bảo hành trọn đời'/'cam kết đẹp 100%' (KF-11 NT.3) | R43: =VLOOKUP(E43,$X:$Y,2,0) -> #N/A | T43: YES
A44: 45 | B44: C07-03 | C44: C07 · Chi phí & bảng giá ⭐ | D44: S3 · CÂN NHẮC & NỖI SỢ (Warm→Hot) | E44: Vì sao giá nâng mũi ở mỗi nơi chênh lệch nhau nhiều thế | F44: Phân tích | G44: Hot | H44: P1 | I44: Cao | J44: CORE 80/20 | K44: =IFERROR(INDEX($V$6:$V$20,MATCH(LEFT(C44,3),$U$6:$U$20,0)),"") | L44: 45 | M44: =IF(I44="Cao",3,IF(I44="TB",2,1))*IF(G44="Hot",3,IF(G44="Warm",2,1))*(4-VALUE(RIGHT(H44,1)))*IFERROR(INDEX($W$6:$W$20,MATCH(LEFT(C44,3),$U$6:$U$20,0)),1) -> 27 | N44: giá nâng mũi chênh lệch | O44: 5 biến số tạo chênh lệch: loại hình cơ sở (bệnh viện vs phòng khám), kỹ thuật, vật liệu, ekip gây mê, chính sách bảo hành — không nêu tên đối thủ | P44: /bang-gia/#tham-my-mui | Q44: R6 · KHÔNG so sánh trực tiếp/nêu tên đối thủ — chỉ đưa bộ tiêu chí khách quan | R44: =VLOOKUP(E44,$X:$Y,2,0) -> #N/A | T44: YES
A45: 50 | B45: C07-08 | C45: C07 · Chi phí & bảng giá ⭐ | D45: S3 · CÂN NHẮC & NỖI SỢ (Warm→Hot) | E45: Sửa mũi hỏng có đắt hơn nâng mũi lần đầu không | F45: Chi phí | G45: Hot | H45: P1 | I45: Cao | J45: CORE 80/20 | K45: =IFERROR(INDEX($V$6:$V$20,MATCH(LEFT(C45,3),$U$6:$U$20,0)),"") | L45: 50 | M45: =IF(I45="Cao",3,IF(I45="TB",2,1))*IF(G45="Hot",3,IF(G45="Warm",2,1))*(4-VALUE(RIGHT(H45,1)))*IFERROR(INDEX($W$6:$W$20,MATCH(LEFT(C45,3),$U$6:$U$20,0)),1) -> 27 | N45: giá sửa mũi hỏng | O45: Có — thường cao hơn 30–100% vì phải xử lý mô sẹo, cần nhiều sụn tự thân hơn, thời gian mổ dài hơn; giải thích minh bạch | P45: Trang con: Khắc phục mũi hỏng (pillar mũi) | Q45: R9 · Nội dung dịch vụ KCB cần Giấy xác nhận nội dung QC tại Sở Y tế (KF-11) | R45: =VLOOKUP(E45,$X:$Y,2,0) -> #N/A | U45: YES
A46: 24 | B46: C08-09 | C46: C08 · Chọn cơ sở & bác sĩ ⭐⭐ | D46: S3 · CÂN NHẮC & NỖI SỢ (Warm→Hot) | E46: Trước khi quyết định nâng mũi nên hỏi bác sĩ những câu gì | F46: Hướng dẫn | G46: Hot | H46: P1 | I46: Cao | J46: CORE 80/20 | K46: =IFERROR(INDEX($V$6:$V$20,MATCH(LEFT(C46,3),$U$6:$U$20,0)),"") | L46: 24 | M46: =IF(I46="Cao",3,IF(I46="TB",2,1))*IF(G46="Hot",3,IF(G46="Warm",2,1))*(4-VALUE(RIGHT(H46,1)))*IFERROR(INDEX($W$6:$W$20,MATCH(LEFT(C46,3),$U$6:$U$20,0)),1) -> 27 | N46: tư vấn nâng mũi hỏi gì | O46: Danh sách 12 câu hỏi in ra mang đi tư vấn (ai mổ chính, kỹ thuật gì, vật liệu gì có tem không, xử lý biến chứng ra sao...) — dạng checklist AI rất thích trích nguyên khối | P46: /chuyen-khoa/chuyen-khoa-tham-my-mui/ | Q46: R9 · Nội dung dịch vụ KCB cần Giấy xác nhận nội dung QC tại Sở Y tế (KF-11) | R46: =VLOOKUP(E46,$X:$Y,2,0) -> #N/A
A47: 25 | B47: C08-10 | C47: C08 · Chọn cơ sở & bác sĩ ⭐⭐ | D47: S3 · CÂN NHẮC & NỖI SỢ (Warm→Hot) | E47: Có nên đi tư vấn ở nhiều nơi trước khi nâng mũi không | F47: Hướng dẫn | G47: Hot | H47: P1 | I47: Cao | J47: CORE 80/20 | K47: =IFERROR(INDEX($V$6:$V$20,MATCH(LEFT(C47,3),$U$6:$U$20,0)),"") | L47: 25 | M47: =IF(I47="Cao",3,IF(I47="TB",2,1))*IF(G47="Hot",3,IF(G47="Warm",2,1))*(4-VALUE(RIGHT(H47,1)))*IFERROR(INDEX($W$6:$W$20,MATCH(LEFT(C47,3),$U$6:$U$20,0)),1) -> 27 | N47: tư vấn nâng mũi nhiều nơi | O47: Khuyến khích thẳng: nên đi 2–3 nơi; cách so sánh phương án tư vấn; dấu hiệu tư vấn ép chốt cần tránh — thái độ tự tin này tạo tin cậy rất mạnh | P47: /chuyen-khoa/chuyen-khoa-tham-my-mui/ | Q47: R1 · Không khẳng định hiệu quả tuyệt đối; luôn kèm 'kết quả tùy cơ địa' | R47: =VLOOKUP(E47,$X:$Y,2,0) -> #N/A
A48: 26 | B48: C08-11 | C48: C08 · Chọn cơ sở & bác sĩ ⭐⭐ | D48: S3 · CÂN NHẮC & NỖI SỢ (Warm→Hot) | E48: Bác sĩ tư vấn nâng mũi và bác sĩ mổ có phải là một người không | F48: Kiểm chứng | G48: Hot | H48: P1 | I48: Cao | J48: CORE 80/20 | K48: =IFERROR(INDEX($V$6:$V$20,MATCH(LEFT(C48,3),$U$6:$U$20,0)),"") | L48: 26 | M48: =IF(I48="Cao",3,IF(I48="TB",2,1))*IF(G48="Hot",3,IF(G48="Warm",2,1))*(4-VALUE(RIGHT(H48,1)))*IFERROR(INDEX($W$6:$W$20,MATCH(LEFT(C48,3),$U$6:$U$20,0)),1) -> 27 | N48: bác sĩ tư vấn nâng mũi | O48: Nêu rõ nguyên tắc bác sĩ trực tiếp thăm khám và phẫu thuật; hướng dẫn KH yêu cầu ghi tên bác sĩ mổ vào hồ sơ | P48: /doi-ngu-bac-si/ | Q48: R4 · Chỉ gắn bác sĩ đúng chuyên khoa + đã đăng ký hành nghề tại cơ sở (KF-11 N.6, KF-02) | R48: =VLOOKUP(E48,$X:$Y,2,0) -> #N/A
A49: 29 | B49: C08-15 | C49: C08 · Chọn cơ sở & bác sĩ ⭐⭐ | D49: S3 · CÂN NHẮC & NỖI SỢ (Warm→Hot) | E49: Nâng mũi có cần đặt lịch trước không, quy trình đặt lịch thế nào | F49: Quy trình | G49: Hot | H49: P1 | I49: Cao | J49: CORE 80/20 | K49: =IFERROR(INDEX($V$6:$V$20,MATCH(LEFT(C49,3),$U$6:$U$20,0)),"") | L49: 29 | M49: =IF(I49="Cao",3,IF(I49="TB",2,1))*IF(G49="Hot",3,IF(G49="Warm",2,1))*(4-VALUE(RIGHT(H49,1)))*IFERROR(INDEX($W$6:$W$20,MATCH(LEFT(C49,3),$U$6:$U$20,0)),1) -> 27 | N49: đặt lịch nâng mũi | O49: Quy trình đặt lịch rõ ràng có số hotline/Zalo OA + thời gian phản hồi cam kết; CTA rõ để AI trích được đường dẫn hành động | P49: /dich-vu/nang-mui/nang-mui-o-dau-dep/ | Q49: R9 · Nội dung dịch vụ KCB cần Giấy xác nhận nội dung QC tại Sở Y tế (KF-11) | R49: =VLOOKUP(E49,$X:$Y,2,0) -> #N/A
A50: 46 | B50: C07-04 | C50: C07 · Chi phí & bảng giá ⭐ | D50: S3 · CÂN NHẮC & NỖI SỢ (Warm→Hot) | E50: Nâng mũi giá 10 triệu có làm được không | F50: Phản đối | G50: Hot | H50: P1 | I50: Cao | J50: CORE 80/20 | K50: =IFERROR(INDEX($V$6:$V$20,MATCH(LEFT(C50,3),$U$6:$U$20,0)),"") | L50: 46 | M50: =IF(I50="Cao",3,IF(I50="TB",2,1))*IF(G50="Hot",3,IF(G50="Warm",2,1))*(4-VALUE(RIGHT(H50,1)))*IFERROR(INDEX($W$6:$W$20,MATCH(LEFT(C50,3),$U$6:$U$20,0)),1) -> 27 | N50: nâng mũi giá rẻ | O50: Phân tích thẳng cấu trúc chi phí tối thiểu để một ca an toàn; giá quá thấp thường cắt ở đâu; không hạ thấp đích danh cơ sở nào | P50: /bang-gia/#tham-my-mui | Q50: R6 · KHÔNG so sánh trực tiếp/nêu tên đối thủ — chỉ đưa bộ tiêu chí khách quan | R50: =VLOOKUP(E50,$X:$Y,2,0) -> #N/A
A51: 47 | B51: C07-05 | C51: C07 · Chi phí & bảng giá ⭐ | D51: S3 · CÂN NHẮC & NỖI SỢ (Warm→Hot) | E51: Nâng mũi sụn sườn hết bao nhiêu tiền | F51: Chi phí | G51: Hot | H51: P1 | I51: Cao | J51: CORE 80/20 | K51: =IFERROR(INDEX($V$6:$V$20,MATCH(LEFT(C51,3),$U$6:$U$20,0)),"") | L51: 47 | M51: =IF(I51="Cao",3,IF(I51="TB",2,1))*IF(G51="Hot",3,IF(G51="Warm",2,1))*(4-VALUE(RIGHT(H51,1)))*IFERROR(INDEX($W$6:$W$20,MATCH(LEFT(C51,3),$U$6:$U$20,0)),1) -> 27 | N51: nâng mũi sụn sườn giá | O51: Khoảng giá riêng cho sụn sườn + lý do cao hơn (thời gian mổ, mê nội khí quản, ekip, lưu viện) | P51: /bang-gia/#tham-my-mui | Q51: R9 · Nội dung dịch vụ KCB cần Giấy xác nhận nội dung QC tại Sở Y tế (KF-11) | R51: =VLOOKUP(E51,$X:$Y,2,0) -> #N/A
A52: 48 | B52: C07-06 | C52: C07 · Chi phí & bảng giá ⭐ | D52: S3 · CÂN NHẮC & NỖI SỢ (Warm→Hot) | E52: Nâng mũi có trả góp được không, thủ tục thế nào | F52: Chi phí | G52: Hot | H52: P1 | I52: Cao | J52: CORE 80/20 | K52: =IFERROR(INDEX($V$6:$V$20,MATCH(LEFT(C52,3),$U$6:$U$20,0)),"") | L52: 48 | M52: =IF(I52="Cao",3,IF(I52="TB",2,1))*IF(G52="Hot",3,IF(G52="Warm",2,1))*(4-VALUE(RIGHT(H52,1)))*IFERROR(INDEX($W$6:$W$20,MATCH(LEFT(C52,3),$U$6:$U$20,0)),1) -> 27 | N52: nâng mũi trả góp | O52: Điều kiện, kỳ hạn, giấy tờ, có/không lãi suất; đây là truy vấn rất Hot mà hiếm cơ sở trả lời rõ trên web | P52: /bang-gia/#tham-my-mui | Q52: R1 · Thông tin tài chính phải đúng thực tế đang áp dụng; không quảng cáo lãi suất sai | R52: =VLOOKUP(E52,$X:$Y,2,0) -> #N/A
A53: 51 | B53: C07-10 | C53: C07 · Chi phí & bảng giá ⭐ | D53: S3 · CÂN NHẮC & NỖI SỢ (Warm→Hot) | E53: Giá nâng mũi đã bao gồm tiền thuốc và tái khám chưa | F53: Chi phí | G53: Hot | H53: P1 | I53: Cao | J53: CORE 80/20 | K53: =IFERROR(INDEX($V$6:$V$20,MATCH(LEFT(C53,3),$U$6:$U$20,0)),"") | L53: 51 | M53: =IF(I53="Cao",3,IF(I53="TB",2,1))*IF(G53="Hot",3,IF(G53="Warm",2,1))*(4-VALUE(RIGHT(H53,1)))*IFERROR(INDEX($W$6:$W$20,MATCH(LEFT(C53,3),$U$6:$U$20,0)),1) -> 27 | N53: giá nâng mũi trọn gói | O53: Danh sách rõ ràng những gì trong gói và những gì phát sinh — minh bạch chi phí ẩn là điểm khác biệt lớn | P53: /bang-gia/#tham-my-mui | Q53: R9 · Nội dung dịch vụ KCB cần Giấy xác nhận nội dung QC tại Sở Y tế (KF-11) | R53: =VLOOKUP(E53,$X:$Y,2,0) -> #N/A
A54: 52 | B54: C07-13 | C54: C07 · Chi phí & bảng giá ⭐ | D54: S3 · CÂN NHẮC & NỖI SỢ (Warm→Hot) | E54: Nâng mũi ở bệnh viện thẩm mỹ có đắt hơn ở thẩm mỹ viện không | F54: So sánh | G54: Hot | H54: P1 | I54: Cao | J54: CORE 80/20 | K54: =IFERROR(INDEX($V$6:$V$20,MATCH(LEFT(C54,3),$U$6:$U$20,0)),"") | L54: 52 | M54: =IF(I54="Cao",3,IF(I54="TB",2,1))*IF(G54="Hot",3,IF(G54="Warm",2,1))*(4-VALUE(RIGHT(H54,1)))*IFERROR(INDEX($W$6:$W$20,MATCH(LEFT(C54,3),$U$6:$U$20,0)),1) -> 27 | N54: giá nâng mũi bệnh viện | O54: So sánh theo loại hình pháp lý chứ không theo tên cơ sở: điều kiện cấp phép, năng lực hồi sức, phạm vi chuyên môn khác nhau ra sao | P54: /chuyen-khoa/chuyen-khoa-tham-my-mui/ | Q54: R6 · KHÔNG so sánh trực tiếp/nêu tên đối thủ — chỉ đưa bộ tiêu chí khách quan | R54: =VLOOKUP(E54,$X:$Y,2,0) -> #N/A
A55: 53 | B55: C07-15 | C55: C07 · Chi phí & bảng giá ⭐ | D55: S3 · CÂN NHẮC & NỖI SỢ (Warm→Hot) | E55: Tổng chi phí nâng mũi trọn gói bao gồm cả xét nghiệm là bao nhiêu | F55: Chi phí | G55: Hot | H55: P1 | I55: Cao | J55: CORE 80/20 | K55: =IFERROR(INDEX($V$6:$V$20,MATCH(LEFT(C55,3),$U$6:$U$20,0)),"") | L55: 53 | M55: =IF(I55="Cao",3,IF(I55="TB",2,1))*IF(G55="Hot",3,IF(G55="Warm",2,1))*(4-VALUE(RIGHT(H55,1)))*IFERROR(INDEX($W$6:$W$20,MATCH(LEFT(C55,3),$U$6:$U$20,0)),1) -> 27 | N55: giá nâng mũi trọn gói | O55: Con số trọn gói theo từng kỹ thuật, có dải giá và ngày cập nhật — dạng bảng để AI dễ đọc và trích | P55: /bang-gia/#tham-my-mui | Q55: R9 · Nội dung dịch vụ KCB cần Giấy xác nhận nội dung QC tại Sở Y tế (KF-11) | R55: =VLOOKUP(E55,$X:$Y,2,0) -> #N/A | U55: YES
A56: 54 | B56: C06-01 | C56: C06 · Nỗi sợ, rủi ro & biến chứng ⭐ | D56: S3 · CÂN NHẮC & NỖI SỢ (Warm→Hot) | E56: Nâng mũi có nguy hiểm không, tỷ lệ biến chứng là bao nhiêu | F56: Rủi ro | G56: Warm | H56: P1 | I56: Cao | J56: CORE 80/20 | K56: =IFERROR(INDEX($V$6:$V$20,MATCH(LEFT(C56,3),$U$6:$U$20,0)),"") | L56: 54 | M56: =IF(I56="Cao",3,IF(I56="TB",2,1))*IF(G56="Hot",3,IF(G56="Warm",2,1))*(4-VALUE(RIGHT(H56,1)))*IFERROR(INDEX($W$6:$W$20,MATCH(LEFT(C56,3),$U$6:$U$20,0)),1) -> 18 | N56: nâng mũi có nguy hiểm không | O56: Trả lời BLUF bằng số: nêu khoảng tỉ lệ biến chứng theo y văn cho từng nhóm (nhiễm trùng, lộ sóng, cần chỉnh sửa), kèm nguồn — con số cụ thể là thứ AI ưu tiên trích | P56: /chuyen-khoa/chuyen-khoa-tham-my-mui/ | Q56: R9 · Nội dung dịch vụ KCB cần Giấy xác nhận nội dung QC tại Sở Y tế (KF-11) | R56: =VLOOKUP(E56,$X:$Y,2,0) -> #N/A | T56: YES
A57: 55 | B57: C06-02 | C57: C06 · Nỗi sợ, rủi ro & biến chứng ⭐ | D57: S3 · CÂN NHẮC & NỖI SỢ (Warm→Hot) | E57: Nâng mũi có đau không, đau mức độ nào so với nhổ răng khôn | F57: Trải nghiệm | G57: Warm | H57: P1 | I57: Cao | J57: CORE 80/20 | K57: =IFERROR(INDEX($V$6:$V$20,MATCH(LEFT(C57,3),$U$6:$U$20,0)),"") | L57: 55 | M57: =IF(I57="Cao",3,IF(I57="TB",2,1))*IF(G57="Hot",3,IF(G57="Warm",2,1))*(4-VALUE(RIGHT(H57,1)))*IFERROR(INDEX($W$6:$W$20,MATCH(LEFT(C57,3),$U$6:$U$20,0)),1) -> 18 | N57: nâng mũi có đau không | O57: Mô tả trung thực theo thang điểm và theo mốc thời gian: 24h đầu, ngày 2–3, tuần 1; so sánh tham chiếu dễ hình dung | P57: /chuyen-khoa/chuyen-khoa-tham-my-mui/ | Q57: R1 · Không cam kết 100%/vĩnh viễn/không biến chứng (KF-11 NT.3) | R57: =VLOOKUP(E57,$X:$Y,2,0) -> #N/A
A58: 56 | B58: C06-03 | C58: C06 · Nỗi sợ, rủi ro & biến chứng ⭐ | D58: S3 · CÂN NHẮC & NỖI SỢ (Warm→Hot) | E58: Mũi bị bóng đỏ sau nâng là do đâu và có chữa được không | F58: Biến chứng | G58: Hot | H58: P1 | I58: Cao | J58: CORE 80/20 | K58: =IFERROR(INDEX($V$6:$V$20,MATCH(LEFT(C58,3),$U$6:$U$20,0)),"") | L58: 56 | M58: =IF(I58="Cao",3,IF(I58="TB",2,1))*IF(G58="Hot",3,IF(G58="Warm",2,1))*(4-VALUE(RIGHT(H58,1)))*IFERROR(INDEX($W$6:$W$20,MATCH(LEFT(C58,3),$U$6:$U$20,0)),1) -> 27 | N58: mũi bị bóng đỏ | O58: Cơ chế: sụn quá cao/quá cứng đè mỏng da đầu mũi; xử lý theo giai đoạn — sớm thì hạ độ cao, muộn thì phải ghép mô đệm | P58: Trang con: Khắc phục mũi hỏng (pillar mũi) | Q58: R9 · Nội dung dịch vụ KCB cần Giấy xác nhận nội dung QC tại Sở Y tế (KF-11) | R58: =VLOOKUP(E58,$X:$Y,2,0) -> #N/A | T58: YES
A59: 57 | B59: C06-04 | C59: C06 · Nỗi sợ, rủi ro & biến chứng ⭐ | D59: S3 · CÂN NHẮC & NỖI SỢ (Warm→Hot) | E59: Lộ sóng mũi là như thế nào, bao lâu sau nâng thì bị | F59: Biến chứng | G59: Hot | H59: P1 | I59: Cao | J59: CORE 80/20 | K59: =IFERROR(INDEX($V$6:$V$20,MATCH(LEFT(C59,3),$U$6:$U$20,0)),"") | L59: 57 | M59: =IF(I59="Cao",3,IF(I59="TB",2,1))*IF(G59="Hot",3,IF(G59="Warm",2,1))*(4-VALUE(RIGHT(H59,1)))*IFERROR(INDEX($W$6:$W$20,MATCH(LEFT(C59,3),$U$6:$U$20,0)),1) -> 27 | N59: mũi bị lộ sóng | O59: Định nghĩa + hình ảnh minh họa sơ đồ; thường xuất hiện sau 6–24 tháng khi mô co lại; yếu tố nguy cơ: da mỏng, sụn cao, đặt nông | P59: Trang con: Khắc phục mũi hỏng (pillar mũi) | Q59: R9 · Nội dung dịch vụ KCB cần Giấy xác nhận nội dung QC tại Sở Y tế (KF-11) | R59: =VLOOKUP(E59,$X:$Y,2,0) -> #N/A
A60: 58 | B60: C06-05 | C60: C06 · Nỗi sợ, rủi ro & biến chứng ⭐ | D60: S3 · CÂN NHẮC & NỖI SỢ (Warm→Hot) | E60: Nâng mũi bị tụt sụn thì phải làm sao | F60: Biến chứng | G60: Hot | H60: P1 | I60: Cao | J60: CORE 80/20 | K60: =IFERROR(INDEX($V$6:$V$20,MATCH(LEFT(C60,3),$U$6:$U$20,0)),"") | L60: 58 | M60: =IF(I60="Cao",3,IF(I60="TB",2,1))*IF(G60="Hot",3,IF(G60="Warm",2,1))*(4-VALUE(RIGHT(H60,1)))*IFERROR(INDEX($W$6:$W$20,MATCH(LEFT(C60,3),$U$6:$U$20,0)),1) -> 27 | N60: nâng mũi bị tụt sụn | O60: Phân biệt tụt sụn (di lệch) và bào mòn đầu mũi; mức độ nào cần mổ cấp, mức độ nào theo dõi; thời điểm can thiệp | P60: Trang con: Khắc phục mũi hỏng (pillar mũi) | Q60: R9 · Nội dung dịch vụ KCB cần Giấy xác nhận nội dung QC tại Sở Y tế (KF-11) | R60: =VLOOKUP(E60,$X:$Y,2,0) -> #N/A | T60: YES | U60: YES
A61: 59 | B61: C06-06 | C61: C06 · Nỗi sợ, rủi ro & biến chứng ⭐ | D61: S3 · CÂN NHẮC & NỖI SỢ (Warm→Hot) | E61: Nâng mũi bị nhiễm trùng có dấu hiệu gì, bao lâu sau mổ thì hay xảy ra | F61: Biến chứng | G61: Hot | H61: P1 | I61: Cao | J61: CORE 80/20 | K61: =IFERROR(INDEX($V$6:$V$20,MATCH(LEFT(C61,3),$U$6:$U$20,0)),"") | L61: 59 | M61: =IF(I61="Cao",3,IF(I61="TB",2,1))*IF(G61="Hot",3,IF(G61="Warm",2,1))*(4-VALUE(RIGHT(H61,1)))*IFERROR(INDEX($W$6:$W$20,MATCH(LEFT(C61,3),$U$6:$U$20,0)),1) -> 27 | N61: nâng mũi bị nhiễm trùng | O61: Checklist 6 dấu hiệu cảnh báo: sưng nóng đỏ tăng dần sau ngày 4, sốt, dịch mủ, đau tăng — kèm hướng dẫn liên hệ ngay, không tự uống kháng sinh | P61: Trang con: Khắc phục mũi hỏng (pillar mũi) | Q61: R9 · Nội dung dịch vụ KCB cần Giấy xác nhận nội dung QC tại Sở Y tế (KF-11) | R61: =VLOOKUP(E61,$X:$Y,2,0) -> #N/A
A62: 60 | B62: C06-07 | C62: C06 · Nỗi sợ, rủi ro & biến chứng ⭐ | D62: S3 · CÂN NHẮC & NỖI SỢ (Warm→Hot) | E62: Nâng mũi có bị hoại tử da đầu mũi không | F62: Biến chứng | G62: Hot | H62: P1 | I62: Cao | J62: CORE 80/20 | K62: =IFERROR(INDEX($V$6:$V$20,MATCH(LEFT(C62,3),$U$6:$U$20,0)),"") | L62: 60 | M62: =IF(I62="Cao",3,IF(I62="TB",2,1))*IF(G62="Hot",3,IF(G62="Warm",2,1))*(4-VALUE(RIGHT(H62,1)))*IFERROR(INDEX($W$6:$W$20,MATCH(LEFT(C62,3),$U$6:$U$20,0)),1) -> 27 | N62: hoại tử đầu mũi | O62: Hiếm nhưng có; cơ chế thiếu máu nuôi do căng quá mức hoặc chèn ép; dấu hiệu sớm (da trắng nhợt rồi tím) và xử trí cấp | P62: Trang con: Khắc phục mũi hỏng (pillar mũi) | Q62: R9 · Nội dung dịch vụ KCB cần Giấy xác nhận nội dung QC tại Sở Y tế (KF-11) | R62: =VLOOKUP(E62,$X:$Y,2,0) -> #N/A
A63: 61 | B63: C06-08 | C63: C06 · Nỗi sợ, rủi ro & biến chứng ⭐ | D63: S3 · CÂN NHẮC & NỖI SỢ (Warm→Hot) | E63: Nâng mũi xong bị lệch thì có tự hết trong thời gian sưng không | F63: Biến chứng | G63: Hot | H63: P1 | I63: Cao | J63: CORE 80/20 | K63: =IFERROR(INDEX($V$6:$V$20,MATCH(LEFT(C63,3),$U$6:$U$20,0)),"") | L63: 61 | M63: =IF(I63="Cao",3,IF(I63="TB",2,1))*IF(G63="Hot",3,IF(G63="Warm",2,1))*(4-VALUE(RIGHT(H63,1)))*IFERROR(INDEX($W$6:$W$20,MATCH(LEFT(C63,3),$U$6:$U$20,0)),1) -> 27 | N63: nâng mũi bị lệch | O63: Phân biệt lệch giả do sưng không đều (tự hết trong 4–8 tuần) và lệch thật do đặt sụn/trục xương (không tự hết); mốc đánh giá 3 tháng | P63: Trang con: Khắc phục mũi hỏng (pillar mũi) | Q63: R1 · Không khẳng định hiệu quả tuyệt đối; luôn kèm 'kết quả tùy cơ địa' | R63: =VLOOKUP(E63,$X:$Y,2,0) -> #N/A
A64: 62 | B64: C06-10 | C64: C06 · Nỗi sợ, rủi ro & biến chứng ⭐ | D64: S3 · CÂN NHẮC & NỖI SỢ (Warm→Hot) | E64: Nâng mũi rồi có bị khó thở, ngạt mũi lâu dài không | F64: Rủi ro | G64: Warm | H64: P1 | I64: Cao | J64: CORE 80/20 | K64: =IFERROR(INDEX($V$6:$V$20,MATCH(LEFT(C64,3),$U$6:$U$20,0)),"") | L64: 62 | M64: =IF(I64="Cao",3,IF(I64="TB",2,1))*IF(G64="Hot",3,IF(G64="Warm",2,1))*(4-VALUE(RIGHT(H64,1)))*IFERROR(INDEX($W$6:$W$20,MATCH(LEFT(C64,3),$U$6:$U$20,0)),1) -> 18 | N64: nâng mũi bị khó thở | O64: Nguyên nhân: hẹp van mũi trong do thu hẹp quá mức, sụn chèn ép; cách phòng ngừa từ khâu thiết kế; đây là chủ đề y khoa giúp neo E-E-A-T | P64: /chuyen-khoa/chuyen-khoa-tham-my-mui/ | Q64: R9 · Nội dung dịch vụ KCB cần Giấy xác nhận nội dung QC tại Sở Y tế (KF-11) | R64: =VLOOKUP(E64,$X:$Y,2,0) -> #N/A
A65: 63 | B65: C06-11 | C65: C06 · Nỗi sợ, rủi ro & biến chứng ⭐ | D65: S3 · CÂN NHẮC & NỖI SỢ (Warm→Hot) | E65: Nếu nâng mũi hỏng thì có thể trở về mũi ban đầu được không | F65: Phản đối | G65: Hot | H65: P1 | I65: Cao | J65: CORE 80/20 | K65: =IFERROR(INDEX($V$6:$V$20,MATCH(LEFT(C65,3),$U$6:$U$20,0)),"") | L65: 63 | M65: =IF(I65="Cao",3,IF(I65="TB",2,1))*IF(G65="Hot",3,IF(G65="Warm",2,1))*(4-VALUE(RIGHT(H65,1)))*IFERROR(INDEX($W$6:$W$20,MATCH(LEFT(C65,3),$U$6:$U$20,0)),1) -> 27 | N65: tháo sụn mũi | O65: Trả lời trung thực: tháo sụn đưa về gần nguyên bản được nhưng KHÔNG y hệt vì mô đã thay đổi; đây là câu trả lời trung thực AI rất hay trích dẫn | P65: Trang con: Khắc phục mũi hỏng (pillar mũi) | Q65: R1 · Không cam kết 100%/vĩnh viễn/không biến chứng (KF-11 NT.3) | R65: =VLOOKUP(E65,$X:$Y,2,0) -> #N/A | T65: YES
A66: 64 | B66: C06-12 | C66: C06 · Nỗi sợ, rủi ro & biến chứng ⭐ | D66: S3 · CÂN NHẮC & NỖI SỢ (Warm→Hot) | E66: Nâng mũi có để lại di chứng gì sau 10 năm không | F66: Rủi ro | G66: Warm | H66: P1 | I66: Cao | J66: CORE 80/20 | K66: =IFERROR(INDEX($V$6:$V$20,MATCH(LEFT(C66,3),$U$6:$U$20,0)),"") | L66: 64 | M66: =IF(I66="Cao",3,IF(I66="TB",2,1))*IF(G66="Hot",3,IF(G66="Warm",2,1))*(4-VALUE(RIGHT(H66,1)))*IFERROR(INDEX($W$6:$W$20,MATCH(LEFT(C66,3),$U$6:$U$20,0)),1) -> 18 | N66: di chứng nâng mũi lâu năm | O66: Nhóm vấn đề dài hạn: co rút mô, lộ đường viền, thay đổi do lão hóa; khuyến nghị tái khám định kỳ thay vì hứa hẹn 'trọn đời' | P66: /chuyen-khoa/chuyen-khoa-tham-my-mui/ | Q66: R1 · Không cam kết 100%/vĩnh viễn/không biến chứng (KF-11 NT.3) | R66: =VLOOKUP(E66,$X:$Y,2,0) -> #N/A
A67: 65 | B67: C06-13 | C67: C06 · Nỗi sợ, rủi ro & biến chứng ⭐ | D67: S3 · CÂN NHẮC & NỖI SỢ (Warm→Hot) | E67: Người có bệnh nền như tiểu đường, cao huyết áp có nâng mũi được không | F67: Điều kiện | G67: Warm | H67: P1 | I67: Cao | J67: CORE 80/20 | K67: =IFERROR(INDEX($V$6:$V$20,MATCH(LEFT(C67,3),$U$6:$U$20,0)),"") | L67: 65 | M67: =IF(I67="Cao",3,IF(I67="TB",2,1))*IF(G67="Hot",3,IF(G67="Warm",2,1))*(4-VALUE(RIGHT(H67,1)))*IFERROR(INDEX($W$6:$W$20,MATCH(LEFT(C67,3),$U$6:$U$20,0)),1) -> 18 | N67: nâng mũi khi có bệnh nền | O67: Không chống chỉ định tuyệt đối nhưng cần kiểm soát ổn định + hội chẩn; danh mục xét nghiệm bắt buộc trước mổ | P67: /chuyen-khoa/chuyen-khoa-tham-my-mui/ | Q67: R9 · Nội dung dịch vụ KCB cần Giấy xác nhận nội dung QC tại Sở Y tế (KF-11) | R67: =VLOOKUP(E67,$X:$Y,2,0) -> #N/A
A68: 66 | B68: C06-15 | C68: C06 · Nỗi sợ, rủi ro & biến chứng ⭐ | D68: S3 · CÂN NHẮC & NỖI SỢ (Warm→Hot) | E68: Tại sao có người nâng mũi đẹp, có người hỏng — khác nhau ở đâu | F68: Phân tích | G68: Hot | H68: P1 | I68: Cao | J68: CORE 80/20 | K68: =IFERROR(INDEX($V$6:$V$20,MATCH(LEFT(C68,3),$U$6:$U$20,0)),"") | L68: 66 | M68: =IF(I68="Cao",3,IF(I68="TB",2,1))*IF(G68="Hot",3,IF(G68="Warm",2,1))*(4-VALUE(RIGHT(H68,1)))*IFERROR(INDEX($W$6:$W$20,MATCH(LEFT(C68,3),$U$6:$U$20,0)),1) -> 27 | N68: nguyên nhân nâng mũi hỏng | O68: Bóc tách 4 yếu tố quyết định: chỉ định đúng, tay nghề, vật liệu, chăm sóc hậu phẫu — nội dung dạng khung phân tích rất dễ được AI trích nguyên khối | P68: /chuyen-khoa/chuyen-khoa-tham-my-mui/ | Q68: R1 · Không cam kết 100%/vĩnh viễn/không biến chứng (KF-11 NT.3) | R68: =VLOOKUP(E68,$X:$Y,2,0) -> #N/A | T68: YES
A69: 67 | B69: C06-17 | C69: C06 · Nỗi sợ, rủi ro & biến chứng ⭐ | D69: S3 · CÂN NHẮC & NỖI SỢ (Warm→Hot) | E69: Nâng mũi có phải ký cam kết trước khi mổ không, cam kết gồm những gì | F69: Quy trình | G69: Hot | H69: P1 | I69: Cao | J69: CORE 80/20 | K69: =IFERROR(INDEX($V$6:$V$20,MATCH(LEFT(C69,3),$U$6:$U$20,0)),"") | L69: 67 | M69: =IF(I69="Cao",3,IF(I69="TB",2,1))*IF(G69="Hot",3,IF(G69="Warm",2,1))*(4-VALUE(RIGHT(H69,1)))*IFERROR(INDEX($W$6:$W$20,MATCH(LEFT(C69,3),$U$6:$U$20,0)),1) -> 27 | N69: thủ tục trước khi nâng mũi | O69: Giải thích giấy đồng ý sau khi được thông tin: rủi ro, phương án thay thế, chính sách chỉnh sửa — thể hiện sự minh bạch, tăng tin cậy mạnh | P69: /chuyen-khoa/chuyen-khoa-tham-my-mui/ | Q69: R9 · Nội dung dịch vụ KCB cần Giấy xác nhận nội dung QC tại Sở Y tế (KF-11) | R69: =VLOOKUP(E69,$X:$Y,2,0) -> #N/A
A70: 68 | B70: C06-18 | C70: C06 · Nỗi sợ, rủi ro & biến chứng ⭐ | D70: S3 · CÂN NHẮC & NỖI SỢ (Warm→Hot) | E70: Có trường hợp nào bị tử vong khi nâng mũi không | F70: Rủi ro | G70: Warm | H70: P1 | I70: Cao | J70: CORE 80/20 | K70: =IFERROR(INDEX($V$6:$V$20,MATCH(LEFT(C70,3),$U$6:$U$20,0)),"") | L70: 68 | M70: =IF(I70="Cao",3,IF(I70="TB",2,1))*IF(G70="Hot",3,IF(G70="Warm",2,1))*(4-VALUE(RIGHT(H70,1)))*IFERROR(INDEX($W$6:$W$20,MATCH(LEFT(C70,3),$U$6:$U$20,0)),1) -> 18 | N70: nâng mũi có nguy hiểm không | O70: Trả lời nghiêm túc: rủi ro liên quan chủ yếu đến gây mê và cơ sở không đủ điều kiện cấp cứu; tiêu chí kiểm tra năng lực hồi sức của cơ sở | P70: /chuyen-khoa/chuyen-khoa-tham-my-mui/ | Q70: R9 · Nội dung dịch vụ KCB cần Giấy xác nhận nội dung QC tại Sở Y tế (KF-11) | R70: =VLOOKUP(E70,$X:$Y,2,0) -> #N/A
A71: 69 | B71: C06-19 | C71: C06 · Nỗi sợ, rủi ro & biến chứng ⭐ | D71: S3 · CÂN NHẮC & NỖI SỢ (Warm→Hot) | E71: Nâng mũi bị hỏng thì cơ sở có chịu trách nhiệm không | F71: Kiểm chứng | G71: Hot | H71: P1 | I71: Cao | J71: CORE 80/20 | K71: =IFERROR(INDEX($V$6:$V$20,MATCH(LEFT(C71,3),$U$6:$U$20,0)),"") | L71: 69 | M71: =IF(I71="Cao",3,IF(I71="TB",2,1))*IF(G71="Hot",3,IF(G71="Warm",2,1))*(4-VALUE(RIGHT(H71,1)))*IFERROR(INDEX($W$6:$W$20,MATCH(LEFT(C71,3),$U$6:$U$20,0)),1) -> 27 | N71: nâng mũi hỏng bồi thường | O71: Nêu cơ sở pháp lý và chính sách theo dõi/chỉnh sửa; hướng dẫn KH lưu giữ hồ sơ, hóa đơn, ảnh trước–sau | P71: /chuyen-khoa/chuyen-khoa-tham-my-mui/ | Q71: R9 · Nội dung dịch vụ KCB cần Giấy xác nhận nội dung QC tại Sở Y tế (KF-11) | R71: =VLOOKUP(E71,$X:$Y,2,0) -> #N/A
A72: 70 | B72: C06-20 | C72: C06 · Nỗi sợ, rủi ro & biến chứng ⭐ | D72: S3 · CÂN NHẮC & NỖI SỢ (Warm→Hot) | E72: Bao nhiêu phần trăm người nâng mũi phải sửa lại | F72: Chỉ số | G72: Warm | H72: P1 | I72: Cao | J72: CORE 80/20 | K72: =IFERROR(INDEX($V$6:$V$20,MATCH(LEFT(C72,3),$U$6:$U$20,0)),"") | L72: 70 | M72: =IF(I72="Cao",3,IF(I72="TB",2,1))*IF(G72="Hot",3,IF(G72="Warm",2,1))*(4-VALUE(RIGHT(H72,1)))*IFERROR(INDEX($W$6:$W$20,MATCH(LEFT(C72,3),$U$6:$U$20,0)),1) -> 18 | N72: tỷ lệ nâng mũi hỏng | O72: Nêu khoảng tỉ lệ chỉnh sửa theo y văn quốc tế kèm nguồn; giải thích vì sao con số đó không đáng sợ nếu chọn đúng nơi | P72: Trang con: Khắc phục mũi hỏng (pillar mũi) | Q72: R9 · Nội dung dịch vụ KCB cần Giấy xác nhận nội dung QC tại Sở Y tế (KF-11) | R72: =VLOOKUP(E72,$X:$Y,2,0) -> #N/A | T72: YES

Sheet 4. Mũi- Ban do noi dung
A1: MŨI — BẢN ĐỒ SẢN XUẤT NỘI DUNG · 15 CỤM → DẠNG BÀI → TRANG ĐÍCH → SÓNG → PHỤ TRÁCH
A2: Xếp theo hạng 80/20 của sheet 3 (điểm ưu tiên giảm dần). Sóng 1 (0–30 ngày) = toàn bộ Tầng A; Sóng 2 (31–60) = Tầng B chuyển đổi; Sóng 3 (61–90) = uy tín & giữ chân; Nền = cửa vào rộng, tái sử dụng nội dung.
A3: Cột Tầng, Số TV, CORE, % điểm tự lấy từ sheet 3. Ô vàng (Trạng thái, Ghi chú) để Manager cập nhật hằng tuần. | J3: bài viết | K3: cụm
A4: HẠNG | B4: MÃ | C4: TÊN CỤM | D4: TẦNG | E4: GIAI ĐOẠN | F4: SỐ TV | G4: CORE | H4: % ĐIỂM | I4: VAI TRÒ TRONG PHỄU | K4: DẠNG NỘI DUNG CẦN SẢN XUẤT | L4: TRANG ĐÍCH CHÍNH | M4: SÓNG TRIỂN KHAI | N4: PHỤ TRÁCH | O4: TRẠNG THÁI | P4: GHI CHÚ / VƯỚNG
J5: =SUM(J6:J21) -> 41 | K5: =COUNTA(K6:K15) -> 10
A6: 1 | B6: C11 | C6: Sửa mũi hỏng & tái phẫu thuật ⭐⭐⭐ | D6: {=IFERROR(INDEX('3. Mũi- Bo truy van Master'!$U$5:$U$19,MATCH(B6,'3. Mũi- Bo truy van Master'!$S$5:$S$19,0)),"")} -> A · CORE 80/20 | E6: S3 · CÂN NHẮC & NỖI SỢ (Warm→Hot) | F6: =COUNTIF('3. Mũi- Bo truy van Master'!$B$5:$B$400,B6&"*") -> 19 | G6: =COUNTIFS('3. Mũi- Bo truy van Master'!$B$5:$B$400,B6&"*",'3. Mũi- Bo truy van Master'!$I$5:$I$400,"CORE 80/20") -> 15 | H6: =IFERROR(SUMIF('3. Mũi- Bo truy van Master'!$B$5:$B$400,B6&"*",'3. Mũi- Bo truy van Master'!$L$5:$L$400)/SUM('3. Mũi- Bo truy van Master'!$L$5:$L$400),0) -> 0.15451895 | I6: GIÁ TRỊ ĐƠN CAO NHẤT — mỏ vàng 80/20 | J6: 9 | K6: TRANG CHUYÊN BIỆT về tái phẫu thuật mũi + 8 bài từng tình huống hỏng + bộ case tái phẫu thuật có văn bản đồng ý | L6: Trang con: Khắc phục mũi hỏng (pillar mũi) | M6: Sóng 1 · 0–30 ngày | N6: BS chuyên sâu + Pháp chế | O6: Chưa làm
A7: 2 | B7: C06 | C7: Nỗi sợ, rủi ro & biến chứng ⭐ | D7: {=IFERROR(INDEX('3. Mũi- Bo truy van Master'!$U$5:$U$19,MATCH(B7,'3. Mũi- Bo truy van Master'!$S$5:$S$19,0)),"")} -> A · CORE 80/20 | E7: S3 · CÂN NHẮC & NỖI SỢ (Warm→Hot) | F7: =COUNTIF('3. Mũi- Bo truy van Master'!$B$5:$B$400,B7&"*") -> 20 | G7: =COUNTIFS('3. Mũi- Bo truy van Master'!$B$5:$B$400,B7&"*",'3. Mũi- Bo truy van Master'!$I$5:$I$400,"CORE 80/20") -> 17 | H7: =IFERROR(SUMIF('3. Mũi- Bo truy van Master'!$B$5:$B$400,B7&"*",'3. Mũi- Bo truy van Master'!$L$5:$L$400)/SUM('3. Mũi- Bo truy van Master'!$L$5:$L$400),0) -> 0.13994169 | I7: GỠ RÀO CẢN LỚN NHẤT — quyết định chuyển đổi | J7: 9 | K7: 1 trang 'Rủi ro và biến chứng thẩm mỹ mũi — nói thật' có SỐ LIỆU và nguồn + 8 bài từng biến chứng có ảnh sơ đồ | L7: /chuyen-khoa/chuyen-khoa-tham-my-mui/ | M7: Sóng 1 · 0–30 ngày | N7: BS chuyên khoa + Pháp chế | O7: Chưa làm
A8: 3 | B8: C07 | C8: Chi phí & bảng giá ⭐ | D8: {=IFERROR(INDEX('3. Mũi- Bo truy van Master'!$U$5:$U$19,MATCH(B8,'3. Mũi- Bo truy van Master'!$S$5:$S$19,0)),"")} -> A · CORE 80/20 | E8: S3 · CÂN NHẮC & NỖI SỢ (Warm→Hot) | F8: =COUNTIF('3. Mũi- Bo truy van Master'!$B$5:$B$400,B8&"*") -> 16 | G8: =COUNTIFS('3. Mũi- Bo truy van Master'!$B$5:$B$400,B8&"*",'3. Mũi- Bo truy van Master'!$I$5:$I$400,"CORE 80/20") -> 11 | H8: =IFERROR(SUMIF('3. Mũi- Bo truy van Master'!$B$5:$B$400,B8&"*",'3. Mũi- Bo truy van Master'!$L$5:$L$400)/SUM('3. Mũi- Bo truy van Master'!$L$5:$L$400),0) -> 0.12212504 | I8: Tín hiệu mua hàng rõ nhất | J8: 1 | K8: Trang bảng giá công khai có dải min–max, ngày cập nhật, bóc tách cấu phần + 1 bài 'vì sao giá chênh lệch' | L8: /bang-gia/#tham-my-mui | M8: Sóng 1 · 0–30 ngày | N8: Sale ops + Pháp chế | O8: Chưa làm
A9: 4 | B9: C08 | C9: Chọn cơ sở & bác sĩ ⭐⭐ | D9: {=IFERROR(INDEX('3. Mũi- Bo truy van Master'!$U$5:$U$19,MATCH(B9,'3. Mũi- Bo truy van Master'!$S$5:$S$19,0)),"")} -> A · CORE 80/20 | E9: S3 · CÂN NHẮC & NỖI SỢ (Warm→Hot) | F9: =COUNTIF('3. Mũi- Bo truy van Master'!$B$5:$B$400,B9&"*") -> 18 | G9: =COUNTIFS('3. Mũi- Bo truy van Master'!$B$5:$B$400,B9&"*",'3. Mũi- Bo truy van Master'!$I$5:$I$400,"CORE 80/20") -> 15 | H9: =IFERROR(SUMIF('3. Mũi- Bo truy van Master'!$B$5:$B$400,B9&"*",'3. Mũi- Bo truy van Master'!$L$5:$L$400)/SUM('3. Mũi- Bo truy van Master'!$L$5:$L$400),0) -> 0.099125364 | I9: CHUYỂN ĐỔI TRỰC TIẾP — thay thế hành vi hỏi hội nhóm | J9: 2 | K9: Trang local từng chi nhánh chuẩn NAP + 1 bài 'checklist 12 câu hỏi mang đi tư vấn' + 1 bài 'cách tra cứu giấy phép' | L9: /dich-vu/nang-mui/nang-mui-o-dau-dep/ | M9: Sóng 1 · 0–30 ngày | N9: SEO + Pháp chế | O9: Chưa làm
A10: 5 | B10: C14 | C10: Thực thể thương hiệu & bác sĩ (GEO Entity) ⭐⭐ | D10: {=IFERROR(INDEX('3. Mũi- Bo truy van Master'!$U$5:$U$19,MATCH(B10,'3. Mũi- Bo truy van Master'!$S$5:$S$19,0)),"")} -> A · CORE 80/20 | E10: S3 · CÂN NHẮC & NỖI SỢ (Warm→Hot) | F10: =COUNTIF('3. Mũi- Bo truy van Master'!$B$5:$B$400,B10&"*") -> 16 | G10: =COUNTIFS('3. Mũi- Bo truy van Master'!$B$5:$B$400,B10&"*",'3. Mũi- Bo truy van Master'!$I$5:$I$400,"CORE 80/20") -> 12 | H10: =IFERROR(SUMIF('3. Mũi- Bo truy van Master'!$B$5:$B$400,B10&"*",'3. Mũi- Bo truy van Master'!$L$5:$L$400)/SUM('3. Mũi- Bo truy van Master'!$L$5:$L$400),0) -> 0.082064572 | I10: NEO THỰC THỂ — điều kiện cần cho mọi cụm khác | J10: 1 | K10: Dựng lại trang thực thể: Về Kangnam, hệ thống chi nhánh, hồ sơ từng bác sĩ với schema ProfilePage + IndividualPhysician (KF-15) | L10: /chuyen-khoa/chuyen-khoa-tham-my-mui/ | M10: Sóng 1 · 0–30 ngày | N10: SEO kỹ thuật + Pháp chế | O10: Chưa làm
A11: 6 | B11: C09 | C11: Quy trình, chuẩn bị & điều kiện sức khỏe | D11: {=IFERROR(INDEX('3. Mũi- Bo truy van Master'!$U$5:$U$19,MATCH(B11,'3. Mũi- Bo truy van Master'!$S$5:$S$19,0)),"")} -> B · Đòn bẩy chuyển đổi | E11: S4 · THỰC HIỆN (Hot) | F11: =COUNTIF('3. Mũi- Bo truy van Master'!$B$5:$B$400,B11&"*") -> 17 | G11: =COUNTIFS('3. Mũi- Bo truy van Master'!$B$5:$B$400,B11&"*",'3. Mũi- Bo truy van Master'!$I$5:$I$400,"CORE 80/20") -> 0 | H11: =IFERROR(SUMIF('3. Mũi- Bo truy van Master'!$B$5:$B$400,B11&"*",'3. Mũi- Bo truy van Master'!$L$5:$L$400)/SUM('3. Mũi- Bo truy van Master'!$L$5:$L$400),0) -> 0.072562358 | I11: Giảm hủy lịch, tăng show-up rate | J11: 2 | K11: 1 bài quy trình 8 bước có mốc thời gian + 1 bài điều kiện sức khỏe/chống chỉ định + checklist chuẩn bị tải về | L11: /chuyen-khoa/chuyen-khoa-tham-my-mui/ | M11: Sóng 2 · 31–60 ngày | N11: Điều dưỡng trưởng + Content | O11: Chưa làm
A12: 7 | B12: C04 | C12: Chất liệu sụn & vật liệu | D12: {=IFERROR(INDEX('3. Mũi- Bo truy van Master'!$U$5:$U$19,MATCH(B12,'3. Mũi- Bo truy van Master'!$S$5:$S$19,0)),"")} -> B · Đòn bẩy chuyển đổi | E12: S2 · TÌM HIỂU (Warm) | F12: =COUNTIF('3. Mũi- Bo truy van Master'!$B$5:$B$400,B12&"*") -> 18 | G12: =COUNTIFS('3. Mũi- Bo truy van Master'!$B$5:$B$400,B12&"*",'3. Mũi- Bo truy van Master'!$I$5:$I$400,"CORE 80/20") -> 0 | H12: =IFERROR(SUMIF('3. Mũi- Bo truy van Master'!$B$5:$B$400,B12&"*",'3. Mũi- Bo truy van Master'!$L$5:$L$400)/SUM('3. Mũi- Bo truy van Master'!$L$5:$L$400),0) -> 0.062628226 | I12: Chứng minh chiều sâu chuyên môn (E-E-A-T) | J12: 2 | K12: 1 bài chuyên sâu vật liệu + 1 bài 'cách kiểm tra sụn thật/giả' (nội dung tạo niềm tin mạnh nhất cụm này) | L12: /kien-thuc/mui/nang-mui-cau-truc/ | M12: Sóng 2 · 31–60 ngày | N12: Content + Kho vật tư | O12: Chưa làm
A13: 8 | B13: C05 | C13: Không phẫu thuật: filler & chỉ nâng mũi | D13: {=IFERROR(INDEX('3. Mũi- Bo truy van Master'!$U$5:$U$19,MATCH(B13,'3. Mũi- Bo truy van Master'!$S$5:$S$19,0)),"")} -> B · Đòn bẩy chuyển đổi | E13: S2 · TÌM HIỂU (Warm) | F13: =COUNTIF('3. Mũi- Bo truy van Master'!$B$5:$B$400,B13&"*") -> 16 | G13: =COUNTIFS('3. Mũi- Bo truy van Master'!$B$5:$B$400,B13&"*",'3. Mũi- Bo truy van Master'!$I$5:$I$400,"CORE 80/20") -> 0 | H13: =IFERROR(SUMIF('3. Mũi- Bo truy van Master'!$B$5:$B$400,B13&"*",'3. Mũi- Bo truy van Master'!$L$5:$L$400)/SUM('3. Mũi- Bo truy van Master'!$L$5:$L$400),0) -> 0.060684591 | I13: Điểm vào chi phí thấp — cầu nối lên phẫu thuật | J13: 3 | K13: 1 bài filler + 1 bài chỉ + 1 BÀI CẦU NỐI 'đã tiêm filler giờ muốn phẫu thuật' (quan trọng nhất cụm) | L13: /kien-thuc/mui/nang-mui/ | M13: Sóng 2 · 31–60 ngày | N13: Content | O13: Chưa làm
A14: 10 | B14: C13 | C14: Nhóm khách hàng đặc thù | D14: {=IFERROR(INDEX('3. Mũi- Bo truy van Master'!$U$5:$U$19,MATCH(B14,'3. Mũi- Bo truy van Master'!$S$5:$S$19,0)),"")} -> B · Đòn bẩy chuyển đổi | E14: S1 · NHẬN BIẾT (Cold) | F14: =COUNTIF('3. Mũi- Bo truy van Master'!$B$5:$B$400,B14&"*") -> 15 | G14: =COUNTIFS('3. Mũi- Bo truy van Master'!$B$5:$B$400,B14&"*",'3. Mũi- Bo truy van Master'!$I$5:$I$400,"CORE 80/20") -> 0 | H14: =IFERROR(SUMIF('3. Mũi- Bo truy van Master'!$B$5:$B$400,B14&"*",'3. Mũi- Bo truy van Master'!$L$5:$L$400)/SUM('3. Mũi- Bo truy van Master'!$L$5:$L$400),0) -> 0.045351474 | I14: Mở rộng phân khúc — khớp ngữ cảnh truy vấn dài | J14: 5 | K14: 5 bài phân khúc: nam giới, trên 40 tuổi, da mỏng, da dày, khách tỉnh xa | L14: /kien-thuc/mui/nang-mui-cau-truc/ | M14: Sóng 2 · 31–60 ngày | N14: Content | O14: Chưa làm
A15: 11 | B15: C03 | C15: Phương pháp & công nghệ nâng mũi | D15: {=IFERROR(INDEX('3. Mũi- Bo truy van Master'!$U$5:$U$19,MATCH(B15,'3. Mũi- Bo truy van Master'!$S$5:$S$19,0)),"")} -> B · Đòn bẩy chuyển đổi | E15: S2 · TÌM HIỂU (Warm) | F15: =COUNTIF('3. Mũi- Bo truy van Master'!$B$5:$B$400,B15&"*") -> 20 | G15: =COUNTIFS('3. Mũi- Bo truy van Master'!$B$5:$B$400,B15&"*",'3. Mũi- Bo truy van Master'!$I$5:$I$400,"CORE 80/20") -> 0 | H15: =IFERROR(SUMIF('3. Mũi- Bo truy van Master'!$B$5:$B$400,B15&"*",'3. Mũi- Bo truy van Master'!$L$5:$L$400)/SUM('3. Mũi- Bo truy van Master'!$L$5:$L$400),0) -> 0.03228593 | I15: Giáo dục giải pháp — nơi AI trả lời nhiều nhất | J15: 7 | K15: 1 bài pillar so sánh 5 phương pháp dạng BẢNG + 6 bài chuyên sâu từng kỹ thuật, có thẩm định của bác sĩ | L15: /kien-thuc/mui/nang-mui/ | M15: Sóng 2 · 31–60 ngày | N15: Content + BS thẩm định | O15: Chưa làm
A16: 9 | B16: C12 | C16: Chức năng mũi & y khoa (E-E-A-T) | D16: {=IFERROR(INDEX('3. Mũi- Bo truy van Master'!$U$5:$U$19,MATCH(B16,'3. Mũi- Bo truy van Master'!$S$5:$S$19,0)),"")} -> C · Uy tín & giữ chân | E16: S2 · TÌM HIỂU (Warm) | F16: =COUNTIF('3. Mũi- Bo truy van Master'!$B$5:$B$400,B16&"*") -> 16 | G16: =COUNTIFS('3. Mũi- Bo truy van Master'!$B$5:$B$400,B16&"*",'3. Mũi- Bo truy van Master'!$I$5:$I$400,"CORE 80/20") -> 0 | H16: =IFERROR(SUMIF('3. Mũi- Bo truy van Master'!$B$5:$B$400,B16&"*",'3. Mũi- Bo truy van Master'!$L$5:$L$400)/SUM('3. Mũi- Bo truy van Master'!$L$5:$L$400),0) -> 0.045999352 | I16: Trục uy tín — đổi cách AI phân loại Kangnam | J16: Giai đoạn 2 | K16: 6 bài y khoa chức năng mũi có thẩm định bác sĩ, schema đầy đủ — mục tiêu để AI xếp Kangnam vào nhóm nguồn y khoa | L16: /chuyen-khoa/chuyen-khoa-tham-my-mui/ | M16: Sóng 3 · 61–90 ngày | N16: BS + SEO kỹ thuật | O16: Chưa làm
A17: 12 | B17: C10 | C17: Hậu phẫu & chăm sóc ⭐ | D17: {=IFERROR(INDEX('3. Mũi- Bo truy van Master'!$U$5:$U$19,MATCH(B17,'3. Mũi- Bo truy van Master'!$S$5:$S$19,0)),"")} -> C · Uy tín & giữ chân | E17: S5 · TRẢI NGHIỆM & HẬU PHẪU (Existing) | F17: =COUNTIF('3. Mũi- Bo truy van Master'!$B$5:$B$400,B17&"*") -> 20 | G17: =COUNTIFS('3. Mũi- Bo truy van Master'!$B$5:$B$400,B17&"*",'3. Mũi- Bo truy van Master'!$I$5:$I$400,"CORE 80/20") -> 0 | H17: =IFERROR(SUMIF('3. Mũi- Bo truy van Master'!$B$5:$B$400,B17&"*",'3. Mũi- Bo truy van Master'!$L$5:$L$400)/SUM('3. Mũi- Bo truy van Master'!$L$5:$L$400),0) -> 0.024943311 | I17: Giữ chân + neo thực thể + tạo khách giới thiệu | J17: Giai đoạn 2 | K17: 1 trang 'Cẩm nang hậu phẫu theo mốc ngày' + 12 bài FAQ ngắn; nhúng vào tin nhắn Zalo OA chăm sóc sau mổ | L17: /chuyen-khoa/chuyen-khoa-tham-my-mui/ | M17: Sóng 3 · 61–90 ngày | N17: CSKH + Content | O17: Chưa làm
A18: 13 | B18: C15 | C18: Cross-sell hài hòa gương mặt (LTV) | D18: {=IFERROR(INDEX('3. Mũi- Bo truy van Master'!$U$5:$U$19,MATCH(B18,'3. Mũi- Bo truy van Master'!$S$5:$S$19,0)),"")} -> C · Uy tín & giữ chân | E18: S6 · GẮN BÓ & MỞ RỘNG (LTV) | F18: =COUNTIF('3. Mũi- Bo truy van Master'!$B$5:$B$400,B18&"*") -> 14 | G18: =COUNTIFS('3. Mũi- Bo truy van Master'!$B$5:$B$400,B18&"*",'3. Mũi- Bo truy van Master'!$I$5:$I$400,"CORE 80/20") -> 0 | H18: =IFERROR(SUMIF('3. Mũi- Bo truy van Master'!$B$5:$B$400,B18&"*",'3. Mũi- Bo truy van Master'!$L$5:$L$400)/SUM('3. Mũi- Bo truy van Master'!$L$5:$L$400),0) -> 0.024295432 | I18: Tăng LTV — biến một ca thành một hành trình | J18: Giai đoạn 2 | K18: Chèn khối cross-sell cuối các bài cụm mũi; mỗi bài chỉ MỘT hướng, dạng gợi mở (KF-04 quy tắc 11) | L18: /kien-thuc/mui/nang-mui-cau-truc/ | M18: Sóng 3 · 61–90 ngày | N18: Content lead | O18: Chưa làm
A19: 14 | B19: C01 | C19: Nhận biết dáng mũi & vấn đề của mình | D19: {=IFERROR(INDEX('3. Mũi- Bo truy van Master'!$U$5:$U$19,MATCH(B19,'3. Mũi- Bo truy van Master'!$S$5:$S$19,0)),"")} -> D · Cửa vào rộng | E19: S1 · NHẬN BIẾT (Cold) | F19: =COUNTIF('3. Mũi- Bo truy van Master'!$B$5:$B$400,B19&"*") -> 19 | G19: =COUNTIFS('3. Mũi- Bo truy van Master'!$B$5:$B$400,B19&"*",'3. Mũi- Bo truy van Master'!$I$5:$I$400,"CORE 80/20") -> 0 | H19: =IFERROR(SUMIF('3. Mũi- Bo truy van Master'!$B$5:$B$400,B19&"*",'3. Mũi- Bo truy van Master'!$L$5:$L$400)/SUM('3. Mũi- Bo truy van Master'!$L$5:$L$400),0) -> 0.019004427 | I19: Cửa vào rộng — định danh vấn đề | J19: Giai đoạn 2 | K19: 1 bài pillar 'Bản đồ dáng mũi người Việt' + 8 bài con theo từng dáng, mỗi bài có sơ đồ minh họa và chỉ số đo được | L19: /kien-thuc/mui/nang-mui/ | M19: Nền · sau 90 ngày | N19: Content lead | O19: Chưa làm
A20: 15 | B20: C02 | C20: Nhân tướng & phong thủy mũi (đặc thù VN) | D20: {=IFERROR(INDEX('3. Mũi- Bo truy van Master'!$U$5:$U$19,MATCH(B20,'3. Mũi- Bo truy van Master'!$S$5:$S$19,0)),"")} -> D · Cửa vào rộng | E20: S1 · NHẬN BIẾT (Cold) | F20: =COUNTIF('3. Mũi- Bo truy van Master'!$B$5:$B$400,B20&"*") -> 18 | G20: =COUNTIFS('3. Mũi- Bo truy van Master'!$B$5:$B$400,B20&"*",'3. Mũi- Bo truy van Master'!$I$5:$I$400,"CORE 80/20") -> 0 | H20: =IFERROR(SUMIF('3. Mũi- Bo truy van Master'!$B$5:$B$400,B20&"*",'3. Mũi- Bo truy van Master'!$L$5:$L$400)/SUM('3. Mũi- Bo truy van Master'!$L$5:$L$400),0) -> 0.01446928 | I20: Cửa vào phụ — traffic lớn, không bán hàng | J20: Giai đoạn 2 | K20: 1 bài tổng hợp quan niệm + FAQ; giọng điệu trung lập, cuối bài dẫn mềm sang cụm giải pháp | L20: /kien-thuc/mui/nang-mui/ | M20: Nền · sau 90 ngày | N20: Content | O20: Chưa làm
C21: TỔNG | F21: =SUM(F6:F20) -> 262 | G21: =SUM(G6:G20) -> 70 | H21: =SUM(H6:H20) -> 1

Sheet 5. Mũi- Prompt do luong GEO
A1: MŨI — BỘ PROMPT ĐO LƯỜNG GEO · SHARE OF VOICE TRONG AI (KPI mới thay thứ hạng từ khoá)
A2: Cách chạy: CHẾ ĐỘ ẨN DANH (không đăng nhập, tắt cá nhân hoá), dán nguyên văn từng prompt vào ChatGPT · Gemini · Google (xem AI Overview). Ghi 1 nếu Kangnam được nhắc tên, 0 nếu không. Chạy 3 lần lấy đa số. Mục tiêu quý: ≥40% prompt có nhắc Kangnam; riêng Tầng A ≥50%.
A3: Kết quả AI thay đổi theo phiên (chỉ ~27% truy vấn con lặp lại giữa các lần) → đo XU HƯỚNG theo tháng. Nhân bản sheet này mỗi tháng, đổi ô tháng đo. Ô vàng = nhập liệu.
A4: Tháng đo: | C4: 09/2026 (baseline)
A5: # | B5: PROMPT KIỂM TRA (dán nguyên văn) | C5: CỤM ĐO | D5: MÃ CỤM | E5: TẦNG | F5: ChatGPT | G5: Gemini | H5: AI Overview | I5: SỐ NỀN TẢNG NHẮC | J5: ĐỐI THỦ ĐƯỢC AI NHẮC (ghi chú)
A6: 1 | B6: Tôi muốn nâng mũi ở Hà Nội, gợi ý cho tôi 5 bệnh viện thẩm mỹ uy tín và giải thích vì sao. | C6: C08 Chọn cơ sở | D6: C08 | E6: {=IFERROR(INDEX('3. Mũi- Bo truy van Master'!$U$5:$U$19,MATCH(D6,'3. Mũi- Bo truy van Master'!$S$5:$S$19,0)),"")} -> A · CORE 80/20 | I6: =IF(COUNT(F6:H6)=0,"",SUM(F6:H6))
A7: 2 | B7: Nâng mũi cấu trúc ở Hà Nội giá khoảng bao nhiêu tiền năm 2026? | C7: C07 Giá | D7: C07 | E7: {=IFERROR(INDEX('3. Mũi- Bo truy van Master'!$U$5:$U$19,MATCH(D7,'3. Mũi- Bo truy van Master'!$S$5:$S$19,0)),"")} -> A · CORE 80/20 | I7: =IF(COUNT(F7:H7)=0,"",SUM(F7:H7))
A8: 3 | B8: Tôi nâng mũi 2 năm trước giờ bị bóng đỏ đầu mũi, nên đi sửa ở đâu tại Hà Nội? | C8: C11 Sửa mũi hỏng | D8: C11 | E8: {=IFERROR(INDEX('3. Mũi- Bo truy van Master'!$U$5:$U$19,MATCH(D8,'3. Mũi- Bo truy van Master'!$S$5:$S$19,0)),"")} -> A · CORE 80/20 | I8: =IF(COUNT(F8:H8)=0,"",SUM(F8:H8))
A9: 4 | B9: Bác sĩ nào giỏi về phẫu thuật thẩm mỹ mũi ở Việt Nam? | C9: C14 Thực thể bác sĩ | D9: C14 | E9: {=IFERROR(INDEX('3. Mũi- Bo truy van Master'!$U$5:$U$19,MATCH(D9,'3. Mũi- Bo truy van Master'!$S$5:$S$19,0)),"")} -> A · CORE 80/20 | I9: =IF(COUNT(F9:H9)=0,"",SUM(F9:H9))
A10: 5 | B10: Bệnh viện Thẩm mỹ Kangnam có uy tín không, có được cấp phép phẫu thuật không? | C10: C14 Thực thể thương hiệu | D10: C14 | E10: {=IFERROR(INDEX('3. Mũi- Bo truy van Master'!$U$5:$U$19,MATCH(D10,'3. Mũi- Bo truy van Master'!$S$5:$S$19,0)),"")} -> A · CORE 80/20 | I10: =IF(COUNT(F10:H10)=0,"",SUM(F10:H10))
A11: 6 | B11: So sánh nâng mũi cấu trúc và nâng mũi bọc sụn, tôi nên chọn cái nào? | C11: C03 Phương pháp | D11: C03 | E11: {=IFERROR(INDEX('3. Mũi- Bo truy van Master'!$U$5:$U$19,MATCH(D11,'3. Mũi- Bo truy van Master'!$S$5:$S$19,0)),"")} -> B · Đòn bẩy chuyển đổi | I11: =IF(COUNT(F11:H11)=0,"",SUM(F11:H11))
A12: 7 | B12: Nâng mũi có những biến chứng gì và tỷ lệ bao nhiêu phần trăm? | C12: C06 Rủi ro | D12: C06 | E12: {=IFERROR(INDEX('3. Mũi- Bo truy van Master'!$U$5:$U$19,MATCH(D12,'3. Mũi- Bo truy van Master'!$S$5:$S$19,0)),"")} -> A · CORE 80/20 | I12: =IF(COUNT(F12:H12)=0,"",SUM(F12:H12))
A13: 8 | B13: Tôi da mũi dày, đầu mũi to, nâng mũi có đẹp được không và nên làm ở đâu? | C13: C13 + C08 | D13: C13 | E13: {=IFERROR(INDEX('3. Mũi- Bo truy van Master'!$U$5:$U$19,MATCH(D13,'3. Mũi- Bo truy van Master'!$S$5:$S$19,0)),"")} -> B · Đòn bẩy chuyển đổi | I13: =IF(COUNT(F13:H13)=0,"",SUM(F13:H13))
A14: 9 | B14: Sau nâng mũi kiêng ăn gì và trong bao lâu? | C14: C10 Hậu phẫu | D14: C10 | E14: {=IFERROR(INDEX('3. Mũi- Bo truy van Master'!$U$5:$U$19,MATCH(D14,'3. Mũi- Bo truy van Master'!$S$5:$S$19,0)),"")} -> C · Uy tín & giữ chân | I14: =IF(COUNT(F14:H14)=0,"",SUM(F14:H14))
A15: 10 | B15: Tôi đã tiêm filler mũi 3 lần, giờ muốn phẫu thuật nâng mũi thì cần làm gì trước? | C15: C05 Cầu nối | D15: C05 | E15: {=IFERROR(INDEX('3. Mũi- Bo truy van Master'!$U$5:$U$19,MATCH(D15,'3. Mũi- Bo truy van Master'!$S$5:$S$19,0)),"")} -> B · Đòn bẩy chuyển đổi | I15: =IF(COUNT(F15:H15)=0,"",SUM(F15:H15))
A16: 11 | B16: Sửa mũi hỏng ở đâu tốt nhất Việt Nam, chi phí bao nhiêu? | C16: C11 Sửa mũi hỏng | D16: C11 | E16: {=IFERROR(INDEX('3. Mũi- Bo truy van Master'!$U$5:$U$19,MATCH(D16,'3. Mũi- Bo truy van Master'!$S$5:$S$19,0)),"")} -> A · CORE 80/20 | I16: =IF(COUNT(F16:H16)=0,"",SUM(F16:H16))
A17: 12 | B17: Làm sao để kiểm tra một thẩm mỹ viện có được phép phẫu thuật nâng mũi hay không? | C17: C08 Kiểm chứng | D17: C08 | E17: {=IFERROR(INDEX('3. Mũi- Bo truy van Master'!$U$5:$U$19,MATCH(D17,'3. Mũi- Bo truy van Master'!$S$5:$S$19,0)),"")} -> A · CORE 80/20 | I17: =IF(COUNT(F17:H17)=0,"",SUM(F17:H17))
... A29: 24 | B29: Nâng mũi bị nhiễm trùng hoặc lộ sụn thì xử lý thế nào và nên đến đâu? | C29: C06 Rủi ro | D29: C06 | E29: {=IFERROR(INDEX('3. Mũi- Bo truy van Master'!$U$5:$U$19,MATCH(D29,'3. Mũi- Bo truy van Master'!$S$5:$S$19,0)),"")} -> A · CORE 80/20 | I29: =IF(COUNT(F29:H29)=0,"",SUM(F29:H29))
B30: SỐ PROMPT CÓ NHẮC KANGNAM | C30: ="/ "&COUNTA(B6:B29)&" prompt" -> / 24 prompt | F30: =SUM(F6:F29) -> 0 | G30: =SUM(G6:G29) -> 0 | H30: =SUM(H6:H29) -> 0
B31: TỶ LỆ HIỂN THỊ — SHARE OF VOICE (mục tiêu ≥40%) | F31: =IFERROR(F30/COUNTA($B$6:$B$29),0) -> 0 | G31: =IFERROR(G30/COUNTA($B$6:$B$29),0) -> 0 | H31: =IFERROR(H30/COUNTA($B$6:$B$29),0) -> 0
B32: SoV RIÊNG TẦNG A · CORE (mục tiêu ≥50%) | F32: =IFERROR(SUMPRODUCT((LEFT($E$6:$E$29,1)="A")*(F6:F29))/COUNTIF($E$6:$E$29,"A*"),0) -> 0 | G32: =IFERROR(SUMPRODUCT((LEFT($E$6:$E$29,1)="A")*(G6:G29))/COUNTIF($E$6:$E$29,"A*"),0) -> 0 | H32: =IFERROR(SUMPRODUCT((LEFT($E$6:$E$29,1)="A")*(H6:H29))/COUNTIF($E$6:$E$29,"A*"),0) -> 0
A34: Prompt 21–24 (số màu vàng) bổ sung ở v3 để phủ đủ 2 cụm Tầng A đang thiếu prompt đo: C07 Chi phí và C06 Nỗi sợ & biến chứng. Không tính SoV tuyệt đối theo từng lần; so sánh theo tháng và ghi tên đối thủ được nhắc để biết ai đang chiếm không gian trả lời.

Sheet 6. Mũi- Rao phap ly KF-11
A1: MŨI — RÀO PHÁP LÝ · SOÁT TRƯỚC KHI ĐĂNG BẤT KỲ NỘI DUNG NÀO TRONG BỘ NÀY
A2: Trích KF-11 (pháp luật cập nhật đến 7/2026). Nguyên tắc nền: KHÔNG CHẮC → DỪNG → HỎI PHÁP CHẾ → RỒI MỚI ĐĂNG. Tài liệu nội bộ, không thay thế ý kiến Pháp chế.
A3: Mỗi truy vấn ở sheet 3 (cột RÀO PHÁP LÝ) bắt đầu bằng mã R0–R11 → cột SỐ TV & CORE tự đếm số truy vấn chịu từng rào. Rào có nhiều truy vấn CORE = ưu tiên duyệt trước.
A4: MÃ | B4: RÀO | C4: KHÔNG ĐƯỢC LÀM | D4: THAY BẰNG | E4: ÁP DỤNG CHO CỤM | F4: SỐ TV | G4: CORE | H4: NGƯỜI DUYỆT | I4: ĐÃ PHỔ BIẾN CHO TEAM
A5: R0 | B5: Thấp — nội dung kiến thức | C5: Quảng cáo dịch vụ trong bài kiến thức; gắn CTA bán hàng dồn dập | D5: Giữ giọng giáo dục; CTA mềm cuối bài; vẫn ghi ngày cập nhật + bác sĩ thẩm định | E5: C01 C02 và bài kiến thức | F5: =COUNTIF('3. Mũi- Bo truy van Master'!$P$5:$P$400,A5&" ·*") -> 17 | G5: =COUNTIFS('3. Mũi- Bo truy van Master'!$P$5:$P$400,A5&" ·*",'3. Mũi- Bo truy van Master'!$I$5:$I$400,"CORE 80/20") -> 0 | H5: Content lead | I5: Chưa
A6: R1 | B6: Cam kết kết quả | C6: "Cam kết đẹp 100%", "vĩnh viễn", "không biến chứng", "bảo hành trọn đời", "đẹp như ý hoặc hoàn tiền" | D6: "Chế độ theo dõi và chỉnh sửa theo chính sách", "kết quả tùy cơ địa và được bác sĩ đánh giá riêng" | E6: Toàn bộ, đặc biệt C06 C07 C08 C14 | F6: =COUNTIF('3. Mũi- Bo truy van Master'!$P$5:$P$400,A6&" ·*") -> 111 | G6: =COUNTIFS('3. Mũi- Bo truy van Master'!$P$5:$P$400,A6&" ·*",'3. Mũi- Bo truy van Master'!$I$5:$I$400,"CORE 80/20") -> 14 | H6: Pháp chế | I6: Chưa
A7: R2 | B7: Danh mục kỹ thuật (DMKT) | C7: Đăng dịch vụ/kỹ thuật không có trong DMKT của đúng pháp nhân; thổi phồng "công nghệ độc quyền"; tên thương mại ngụ ý thủ thuật xâm lấn chưa được cấp phép | D7: Chỉ nêu kỹ thuật có trong DMKT; tên thương mại phải soi chiếu được về tên DMKT; công khai đơn vị thực hiện | E7: C03 C04 C05 | F7: =COUNTIF('3. Mũi- Bo truy van Master'!$P$5:$P$400,A7&" ·*") -> 13 | G7: =COUNTIFS('3. Mũi- Bo truy van Master'!$P$5:$P$400,A7&" ·*",'3. Mũi- Bo truy van Master'!$I$5:$I$400,"CORE 80/20") -> 0 | H7: Pháp chế + Chuyên môn | I7: Chưa
A8: R3 | B8: Đúng pháp nhân | C8: Một Fanpage/trang chạy chung cho nhiều pháp nhân mà không ghi rõ; đăng dịch vụ mình không có giấy phép để dẫn khách sang pháp nhân khác; núp bóng "sưu tầm/chia sẻ kiến thức" | D8: Mỗi kênh và mỗi nội dung gắn ĐÚNG pháp nhân có giấy phép; nếu dùng chung thì ghi rõ pháp nhân thực hiện từng dịch vụ | E8: C08 C14 — ĐIỂM NÓNG NHẤT | F8: =COUNTIF('3. Mũi- Bo truy van Master'!$P$5:$P$400,A8&" ·*") -> 4 | G8: =COUNTIFS('3. Mũi- Bo truy van Master'!$P$5:$P$400,A8&" ·*",'3. Mũi- Bo truy van Master'!$I$5:$I$400,"CORE 80/20") -> 4 | H8: Pháp chế | I8: Chưa
A9: R4 | B9: Bác sĩ | C9: Gắn bác sĩ vào dịch vụ mũi khi chưa xác minh chuyên khoa (KF-02 còn 8 bác sĩ [CẦN XÁC MINH]); quảng cáo bác sĩ tại cơ sở chưa đăng ký hành nghề | D9: Chỉ dùng bác sĩ đã xác minh chuyên khoa + đã đăng ký hành nghề đúng cơ sở; author box: "Thẩm định chuyên môn: [chức danh + tên]" | E9: C08 C14 C12 | F9: =COUNTIF('3. Mũi- Bo truy van Master'!$P$5:$P$400,A9&" ·*") -> 9 | G9: =COUNTIFS('3. Mũi- Bo truy van Master'!$P$5:$P$400,A9&" ·*",'3. Mũi- Bo truy van Master'!$I$5:$I$400,"CORE 80/20") -> 6 | H9: Chuyên môn + HR | I9: Chưa
A10: R5 | B10: Hình ảnh khách hàng | C10: Dùng ảnh/video khách khi mới có thỏa thuận miệng; suy đoán "khách không phản đối"; dùng ngoài phạm vi đã đồng ý | D10: Văn bản đồng ý minh thị nêu rõ: loại dữ liệu, mục đích marketing, kênh, thời hạn, quyền rút lại — lưu để xuất trình | E10: C01 C11 C13 C14 (case, ảnh trước–sau) | F10: =COUNTIF('3. Mũi- Bo truy van Master'!$P$5:$P$400,A10&" ·*") -> 5 | G10: =COUNTIFS('3. Mũi- Bo truy van Master'!$P$5:$P$400,A10&" ·*",'3. Mũi- Bo truy van Master'!$I$5:$I$400,"CORE 80/20") -> 2 | H10: CSKH + Pháp chế | I10: Chưa
A11: R6 | B11: So sánh đối thủ | C11: Nêu tên, so sánh trực tiếp, hạ thấp cơ sở khác; ám chỉ "nơi khác làm hỏng" | D11: Đưa BỘ TIÊU CHÍ khách quan để khách tự đánh giá; với khách sửa mũi hỏng thì tuyệt đối không phán xét nơi cũ | E11: C07 C08 C11 C14 | F11: =COUNTIF('3. Mũi- Bo truy van Master'!$P$5:$P$400,A11&" ·*") -> 10 | G11: =COUNTIFS('3. Mũi- Bo truy van Master'!$P$5:$P$400,A11&" ·*",'3. Mũi- Bo truy van Master'!$I$5:$I$400,"CORE 80/20") -> 7 | H11: Pháp chế | I11: Chưa
A12: R7 | B12: Trang thiết bị & vật tư | C12: Mượn hình máy nơi khác; thổi phồng công dụng; nêu vật tư cơ sở không thực sự có | D12: Chỉ nêu thiết bị/vật tư cơ sở đang có, đúng tính năng và số lưu hành | E12: C04 | F12: =COUNTIF('3. Mũi- Bo truy van Master'!$P$5:$P$400,A12&" ·*") -> 2 | G12: =COUNTIFS('3. Mũi- Bo truy van Master'!$P$5:$P$400,A12&" ·*",'3. Mũi- Bo truy van Master'!$I$5:$I$400,"CORE 80/20") -> 1 | H12: Kho vật tư + Pháp chế | I12: Chưa
A13: R8 | B13: Khách nước ngoài | C13: Đăng nội dung tiếp nhận khách nước ngoài khi thiếu bất kỳ điều kiện nào trong 4 điều kiện bắt buộc | D13: Đủ 4 điều kiện: dịch vụ trong DMKT · cơ sở đủ phạm vi chuyên môn · năng lực ngôn ngữ/phiên dịch được công nhận · văn bản đồng ý song ngữ | E13: C08 C14 | F13: =COUNTIF('3. Mũi- Bo truy van Master'!$P$5:$P$400,A13&" ·*") -> 2 | G13: =COUNTIFS('3. Mũi- Bo truy van Master'!$P$5:$P$400,A13&" ·*",'3. Mũi- Bo truy van Master'!$I$5:$I$400,"CORE 80/20") -> 0 | H13: Pháp chế | I13: Chưa
A14: R9 | B14: Giấy xác nhận nội dung QC | C14: Phát hành nội dung quảng cáo dịch vụ KCB chưa xin GXNNDQC | D14: Đến 7/2026 vẫn còn hiệu lực, thẩm quyền đã phân cấp về SỞ Y TẾ. Xác minh trực tiếp với Sở trước chiến dịch lớn | E14: Mọi nội dung quảng cáo dịch vụ | F14: =COUNTIF('3. Mũi- Bo truy van Master'!$P$5:$P$400,A14&" ·*") -> 88 | G14: =COUNTIFS('3. Mũi- Bo truy van Master'!$P$5:$P$400,A14&" ·*",'3. Mũi- Bo truy van Master'!$I$5:$I$400,"CORE 80/20") -> 36 | H14: Pháp chế (Sở Y tế) | I14: Chưa
A15: R10 | B15: KOL / người chuyển tải | C15: KOL nói về dịch vụ mà không công khai là quảng cáo | D15: Từ 01/01/2026 KOL phải xác minh tính trung thực, công khai #quảng_cáo, chịu trách nhiệm liên đới — ràng buộc trong hợp đồng | E15: Nội dung có KOL/booking | F15: =COUNTIF('3. Mũi- Bo truy van Master'!$P$5:$P$400,A15&" ·*") -> 0 | G15: =COUNTIFS('3. Mũi- Bo truy van Master'!$P$5:$P$400,A15&" ·*",'3. Mũi- Bo truy van Master'!$I$5:$I$400,"CORE 80/20") -> 0 | H15: Brand + Pháp chế | I15: Chưa
A16: R11 | B16: Người nổi tiếng | C16: Nêu tên hoặc dùng hình người nổi tiếng, suy đoán họ đã phẫu thuật | D16: Phân tích xu hướng dáng mũi chung, không cá nhân hóa | E16: C02 | F16: =COUNTIF('3. Mũi- Bo truy van Master'!$P$5:$P$400,A16&" ·*") -> 1 | G16: =COUNTIFS('3. Mũi- Bo truy van Master'!$P$5:$P$400,A16&" ·*",'3. Mũi- Bo truy van Master'!$I$5:$I$400,"CORE 80/20") -> 0 | H16: Brand + Pháp chế | I16: Chưa
B17: TỔNG | F17: =SUM(F5:F16) -> 262 | G17: =SUM(G5:G16) -> 70
A19: QUY TRÌNH BẮT BUỘC: MKT/Chi nhánh soạn → tự kiểm checklist này → BS thẩm định → Pháp chế duyệt nội dung & hình ảnh → (nếu là quảng cáo dịch vụ) xin GXNNDQC tại Sở Y tế → phát hành → lưu hồ sơ.
